title,push_time,content,url
税率调整后提供建筑服务开具发票税率如何选择？纳税义务时间如何确认？,发布日期：2018-07-26 10:45:00,"



　　答：“一、根据《财政部 税务总局关于调整增值税税率的通知》（财税〔2018〕32号）第一条规定，纳税人发生增值税应税销售行为或者进口货物，原适用17%和11%税率的，税率分别调整为16%、10%。
　　根据《国家税务总局关于统一小规模纳税人标准等若干增值税问题的公告》（国家税务总局公告2018年第18号）第九条规定，一般纳税人在增值税税率调整前未开具增值税发票的增值税应税销售行为，需要补开增值税发票的，应当按照原适用税率补开。
　　十一、本公告自2018年5月1日起施行。
　　二、根据《财政部 国家税务总局关于全面推开营业税改征增值税试点的通知》（财税〔2016〕36号）第四十五条规定，增值税纳税义务、扣缴义务发生时间为：
　　（一）纳税人发生应税行为并收讫销售款项或者取得索取销售款项凭据的当天；先开具发票的，为开具发票的当天。
　　收讫销售款项，是指纳税人销售服务、无形资产、不动产过程中或者完成后收到款项。
　　取得索取销售款项凭据的当天，是指书面合同确定的付款日期；未签订书面合同或者书面合同未确定付款日期的，为服务、无形资产转让完成的当天或者不动产权属变更的当天。 （二）纳税人提供建筑服务、租赁服务采取预收款方式的，其纳税义务发生时间为收到预收款的当天。（本条已失效，详见文后）
　　（三）纳税人从事金融商品转让的，为金融商品所有权转移的当天。
　　（四）纳税人发生本办法第十四条规定情形的，其纳税义务发生时间为服务、无形资产转让完成的当天或者不动产权属变更的当天。
　　（五）增值税扣缴义务发生时间为纳税人增值税纳税义务发生的当天。
　　三、根据《财政部 税务总局关于建筑服务等营改增试点政策的通知》（财税〔2017〕58号）第二条规定，《营业税改征增值税试点实施办法》(财税〔2016〕36号印发)第四十五条第(二)项修改为“纳税人提供租赁服务采取预收款方式的，其纳税义务发生时间为收到预收款的当天。取消建筑服务的纳税义务发生时间为收到预收款当天的规定，按照《财政部 国家税务总局关于全面推开营业税改征增值税试点的通知》（财税〔2016〕36号）第四十五条第一项的相关规定确定纳税义务发生时间。”
",http://www.cqsw.gov.cn/cqsswj/hdjl/rdwt/zzs/201807/t20180726_283229.html
一般纳税人转登记为小规模纳税人，转登记之前未开具发票的，5月之后按什么税率补开？,发布日期：2018-07-26 10:45:00,　　答：根据《国家税务总局关于统一小规模纳税人标准等若干增值税问题的公告》（国家税务总局公告2018年第18号）规定，转登记纳税人在一般纳税人期间发生的增值税应税销售行为，未开具增值税发票需要补开的，应当按照原适用税率或者征收率补开增值税发票。,http://www.cqsw.gov.cn/cqsswj/hdjl/rdwt/zzs/201807/t20180726_283230.html
出口企业2018年是否不需要做预申报？,发布日期：2018-07-18 16:00:00,　　答：根据《国家税务总局关于出口退（免）税申报有关问题的公告》（国家税务总局公告2018年第16号）的规定，出口企业和其他单位申报出口退(免)税时，不再进行退(免)税预申报。主管税务机关确认申报凭证的内容与对应的管理部门电子信息无误后方可受理出口退(免)税申报。,http://www.cqsw.gov.cn/cqsswj/hdjl/rdwt/zzs/201807/t20180718_283174.html
2018年5月1日之后转登记纳税人尚未申报抵扣或留抵进项税额如何处理？,发布日期：2018-07-18 16:00:00,"　　答："" 根据《国家税务总局关于统一小规模纳税人标准等若干增值税问题的公告》（国家税务总局公告2018年第18号）第四条规定，转登记纳税人尚未申报抵扣的进项税额以及转登记日当期的期末留抵税额，计入“应交税费―待抵扣进项税额”核算。
　　尚未申报抵扣的进项税额计入“应交税费―待抵扣进项税额”时：
　　（一）转登记日当期已经取得的增值税专用发票、机动车销售统一发票、收费公路通行费增值税电子普通发票，应当已经通过增值税发票选择确认平台进行选择确认或认证后稽核比对相符；经稽核比对异常的，应当按照现行规定进行核查处理。已经取得的海关进口增值税专用缴款书，经稽核比对相符的，应当自行下载《海关进口增值税专用缴款书稽核结果通知书》；经稽核比对异常的，应当按照现行规定进行核查处理。
　　（二）转登记日当期尚未取得的增值税专用发票、机动车销售统一发票、收费公路通行费增值税电子普通发票，转登记纳税人在取得上述发票以后，应当持税控设备，由主管税务机关通过增值税发票选择确认平台（税务局端）为其办理选择确认。尚未取得的海关进口增值税专用缴款书，转登记纳税人在取得以后，经稽核比对相符的，应当由主管税务机关通过稽核系统为其下载《海关进口增值税专用缴款书稽核结果通知书》；经稽核比对异常的，应当按照现行规定进行核查处理。""",http://www.cqsw.gov.cn/cqsswj/hdjl/rdwt/zzs/201807/t20180718_283175.html
转登记小规模纳税人什么时候开始生效？,发布日期：2018-07-11 15:22:00,　　答：根据《国家税务总局关于统一小规模纳税人标准等若干增值税问题的公告》（国家税务总局公告2018年第18号）第三条规定，一般纳税人转登记为小规模纳税人（以下称转登记纳税人）后，自转登记日的下期起，按照简易计税方法计算缴纳增值税；转登记日当期仍按照一般纳税人的有关规定计算缴纳增值税。,http://www.cqsw.gov.cn/cqsswj/hdjl/rdwt/zzs/201807/t20180711_283141.html
符合条件的一般纳税人转为小规模纳税人需要提交什么材料？,发布日期：2018-07-11 15:21:00,　　答：根据《国家税务总局关于统一小规模纳税人标准等若干增值税问题的公告》（国家税务总局公告2018年第18号）第十条规定，符合本公告第一条规定的纳税人，向主管税务机关填报《一般纳税人转为小规模纳税人登记表》（表样见附件），并提供税务登记证件；已实行实名办税的纳税人，无需提供税务登记证件。主管税务机关根据下列情况分别作出处理：（一）纳税人填报内容与税务登记、纳税申报信息一致的，主管税务机关当场办理。（二）纳税人填报内容与税务登记、纳税申报信息不一致，或者不符合填列要求的，主管税务机关应当场告知纳税人需要补正的内容。,http://www.cqsw.gov.cn/cqsswj/hdjl/rdwt/zzs/201807/t20180711_283140.html
增值税税率下调之后，申报表怎么填写？,发布日期：2018-07-09 10:22:00,　　答：根据《国家税务总局关于调整增值税纳税申报有关事项的公告》（国家税务总局公告2018年第17号）规定：“一、将《国家税务总局关于调整增值税纳税申报有关事项的公告》（国家税务总局公告2017年第19号）规定：“附件1中的《增值税纳税申报表附列资料（一）》（本期销售情况明细）中的第1栏、第2栏、第4a栏、第4b栏项目名称分别调整为“16%税率的货物及加工修理修配劳务”“16%税率的服务、不动产和无形资产”“10%税率的货物及加工修理修配劳务”“10%税率的服务、不动产和无形资产”。同时，第3栏“13%税率”相关列次不再填写。调整后的表式见附件1。本公告施行后，纳税人申报适用17%、11%的原增值税税率应税项目时，按照申报表调整前后的对应关系，分别填写相关栏次。”,http://www.cqsw.gov.cn/cqsswj/hdjl/rdwt/zzs/201807/t20180709_283115.html
2018年5月1日增值税税率调整后是多少？,发布日期：2018-07-09 10:21:00,　　答：根据《财政部 税务总局关于调整增值税税率的通知》（财税〔2018〕32号）规定：“一、纳税人发生增值税应税销售行为或者进口货物，原适用17%和11%税率的，税率分别调整为16%、10%。 二、纳税人购进农产品，原适用11%扣除率的，扣除率调整为10%。三、纳税人购进用于生产销售或委托加工16%税率货物的农产品，按照12%的扣除率计算进项税额。四、原适用17%税率且出口退税率为17%的出口货物，出口退税率调整至16%。原适用11%税率且出口退税率为11%的出口货物、跨境应税行为，出口退税率调整至10%。”,http://www.cqsw.gov.cn/cqsswj/hdjl/rdwt/zzs/201807/t20180709_283114.html
建安企业一般纳税人选择简易计税方法是不是只需要一次备案？,发布日期：2018-02-11 14:35:00,"



?
　　答：根据《国家税务总局关于简化建筑服务增值税简易计税方法备案事项的公告》（国家税务总局公告2017年第43号）文件规定，“　一、增值税一般纳税人(以下称“纳税人”)提供建筑服务，按规定适用或选择适用简易计税方法计税的，实行一次备案制。
　　......
　　纳税人备案后提供其他适用或选择适用简易计税方法的建筑服务，不再备案。纳税人应按照本公告第二条规定的资料范围，完整保留其他适用或选择适用简易计税方法建筑服务的资料备查，否则该建筑服务不得适用简易计税方法计税。
　　税务机关在后续管理中发现纳税人不能提供相关资料的，对少缴的税款应予追缴，并依照《中华人民共和国税收征收管理法》及其实施细则的有关规定处理。
　　......
　　五、本公告自2018年1月1日起施行。”
?
?
?",http://www.cqsw.gov.cn/cqsswj/hdjl/rdwt/zzs/201805/t20180525_280487.html
纳税人取得的运输逾期票证收入如何缴纳增值税？,发布日期：2018-01-23 16:00:00,"
　　答：根据《财政部税务总局关于租入固定资产进项税额抵扣等增值税政策的通知》（财税〔2017〕90号）：“二、自2018年1月1日起，纳税人已售票但客户逾期未消费取得的运输逾期票证收入，按照“交通运输服务”缴纳增值税。纳税人为客户办理退票而向客户收取的退票费、手续费等收入，按照“其他现代服务”缴纳增值税。”
",http://www.cqsw.gov.cn/cqsswj/hdjl/rdwt/zzs/201805/t20180525_280486.html
他人使用单位的车身做移动广告，如何缴纳增值税？如果是在房屋外墙上做广告呢？,发布日期：2018-01-19 11:30:00,"



?
　　答：有形动产广告位出租，则按照有形动产租赁缴纳增值税；不动产广告位出租，则按照不动产经营租赁缴纳增值税。
　　根据《财政部 国家税务总局关于全面推开营业税改征增值税试点的通知》（财税〔2016〕36号）文件规定，“附件1
　　经营租赁服务，是指在约定时间内将有形动产或者不动产转让他人使用且租赁物所有权不变更的业务活动。
　　按照标的物的不同，经营租赁服务可分为有形动产经营租赁服务和不动产经营租赁服务。
　　将建筑物、构筑物等不动产或者飞机、车辆等有形动产的广告位出租给其他单位或者个人用于发布广告，按照经营租赁服务缴纳增值税。”
?
",http://www.cqsw.gov.cn/cqsswj/hdjl/rdwt/zzs/201805/t20180525_280485.html
增值税专票认证成功后是否必须当月申报抵扣？,发布日期：2017-12-26 14:30:00,"
　　答：根据《国家税务总局关于调整增值税扣税凭证抵扣期限有关问题的通知》（国税函〔2009〕617号 ）文件规定，“一、增值税一般纳税人取得2010年1月1日以后开具的增值税专用发票、公路内河货物运输业统一发票和机动车销售统一发票，应在开具之日起180日内到税务机关办理认证，并在认证通过的次月申报期内，向主管税务机关申报抵扣进项税额。”
　　根据《国家税务总局关于进一步明确营改增有关征管问题的公告》（国家税务总局公告2017年第11号 ）文件规定，“　十、自2017年7月1日起，增值税一般纳税人取得的2017年7月1日及以后开具的增值税专用发票和机动车销售统一发票，应自开具之日起360日内认证或登录增值税发票选择确认平台进行确认，并在规定的纳税申报期内，向主管税务机关申报抵扣进项税额。
　　增值税一般纳税人取得的2017年7月1日及以后开具的海关进口增值税专用缴款书，应自开具之日起360日内向主管税务机关报送《海关完税凭证抵扣清单》，申请稽核比对。
　　纳税人取得的2017年6月30日前开具的增值税扣税凭证，仍按《国家税务总局关于调整增值税扣税凭证抵扣期限有关问题的通知》(国税函〔2009〕617号)执行。”
",http://www.cqsw.gov.cn/cqsswj/hdjl/rdwt/zzs/201805/t20180525_280490.html
增值税专用发票在邮寄时丢失，未认证抵扣，如何处理？,发布日期：2017-12-18 11:33:00,"
　　答：根据《国家税务总局关于简化增值税发票领用和使用程序有关问题的公告》（国家税务总局公告2014年第19号）规定，一般纳税人丢失已开具专用发票的发票联和抵扣联，如果丢失前未认证的，购买方凭销售方提供的相应专用发票记账联复印件进行认证，认证相符的可凭专用发票记账联复印件及销售方主管税务机关出具的《丢失增值税已报税证明单》，作为增值税进项税额的抵扣凭证。专用发票记账联复印件和《证明单》留存备查。
　　因此，您可根据丢失发票的联次，依据相关政策规定进行处理。
",http://www.cqsw.gov.cn/cqsswj/hdjl/rdwt/zzs/201805/t20180525_280489.html
保险公司租入办公室用于有免税的有应税的，取得物业费、装修费专票是否可以全额抵扣？,发布日期：2017-12-15 10:27:00,"
　　答：根据《财政部国家税务总局关于全面推开营业税改征增值税试点的通知》（财税〔2016〕36号）规定，第二十七条下列项目的进项税额不得从销项税额中抵扣：（一）用于简易计税方法计税项目、免征增值税项目、集体福利或者个人消费的购进货物、加工修理修配劳务、服务、无形资产和不动产。其中涉及的固定资产、无形资产、不动产，仅指专用于上述项目的固定资产、无形资产（不包括其他权益性无形资产）、不动产……
　　第二十九条适用一般计税方法的纳税人，兼营简易计税方法计税项目、免征增值税项目而无法划分不得抵扣的进项税额，按照下列公式计算不得抵扣的进项税额：不得抵扣的进项税额=当期无法划分的全部进项税额×（当期简易计税方法计税项目销售额+免征增值税项目销售额）÷当期全部销售额
　　第三十条已抵扣进项税额的购进货物（不含固定资产）、劳务、服务，发生本办法第二十七条规定情形（简易计税方法计税项目、免征增值税项目除外）的，应当将该进项税额从当期进项税额中扣减；无法确定该进项税额的，按照当期实际成本计算应扣减的进项税额。
　　因此，保险公司租入办公室取得的物业费、装修费专用发票属于购进的服务，不可以全额抵扣，应规定划分不得抵扣的进项税额。
",http://www.cqsw.gov.cn/cqsswj/hdjl/rdwt/zzs/201805/t20180525_280493.html
公司发生的房产装修费用的进项税额可以一次性抵扣吗,发布日期：2017-12-11 18:30:00,"
　　答：视情况而定。
　　《国家税务总局关于发布的公告》（国家税务总局公告2016年第15号）第三条规定，纳税人2016年5月1日后购进货物和设计服务、建筑服务，用于新建不动产，或者用于改建、扩建、修缮、装饰不动产并增加不动产原值超过50%的，其进项税额依照本办法有关规定分2年从销项税额中抵扣。不动产原值，是指取得不动产时的购置原价或作价。上述分2年从销项税额中抵扣的购进货物，是指构成不动产实体的材料和设备，包括建筑装饰材料和给排水、采暖、卫生、通风、照明、通讯、煤气、消防、中央空调、电梯、电气、智能化楼宇设备及配套设施。
　　同时文件第四条规定，纳税人按照本办法规定从销项税额中抵扣进项税额，应取得2016年5月1日后开具的合法有效的增值税扣税凭证。上述进项税额中，60%的部分于取得扣税凭证的当期从销项税额中抵扣；40%的部分为待抵扣进项税额，于取得扣税凭证的当月起第13个月从销项税额中抵扣。
　　因此，如果装修的不动产超过原值50%的，需按上述文件内容分期抵扣进项。
",http://www.cqsw.gov.cn/cqsswj/hdjl/rdwt/zzs/201805/t20180525_280492.html
广告业一般纳税人取得其他广告公司开具的“广告活动服务费”增值税专用发票，是否可以在计算缴纳文化事业建设费时扣除？,发布日期：2017-11-29 11:13:00,"
　　答：根据《财政部国家税务总局关于营业税改征增值税试点有关文化事业建设费政策及征收管理问题的通知》（财税〔2016〕25号）第三条规定：“三、缴纳文化事业建设费的单位（以下简称缴纳义务人）应按照提供广告服务取得的计费销售额和3%的费率计算应缴费额，计算公式如下：应缴费额＝计费销售额*3%计费销售额，为缴纳义务人提供广告服务取得的全部含税价款和价外费用，减除支付给其他广告公司或广告发布者的含税广告发布费后的余额。
　　缴纳义务人减除价款的，应当取得增值税专用发票或国家税务总局规定的其他合法有效凭证，否则，不得减除。“
　　因此，文化事业建设费计费销售额的减除费用仅限支付给其他广告公司或广告发布者的含税广告发布费，应取得税收分类编码为广告服务的增值税发票，否则不得减除计费销售额。
",http://www.cqsw.gov.cn/cqsswj/hdjl/rdwt/zzs/201805/t20180525_280491.html
其他个人委托其他个人出租房产，是否可以由受托人代为申请代开发票？,发布日期：2017-11-28 18:24:00,"



?
　　答：根据《国家税务总局关于跨境应税行为免税备案等增值税问题的公告》（国家税务总局公告2017年第30号）规定：“三、其他个人委托房屋中介、住房租赁企业等单位出租不动产，需要向承租方开具增值税发票的，可以由受托单位代其向主管税务机关按规定申请代开增值税发票。”
　　因此，以个人身份受托出租不动产，不属于上述文件规定的受托单位范围，不能代出租方申请代开发票。
?
",http://www.cqsw.gov.cn/cqsswj/hdjl/rdwt/zzs/201805/t20180525_280501.html
纳税人购买中央空调用于扩建自有办公场所，取得的进项发票是否需要分两年抵扣？,发布日期：2017-11-27 14:08:00,"
　　答：根据《国家税务总局关于发布<不动产进项税额分期抵扣暂行办法>的公告》（国家税务总局公告2016年第15号）第三条规定：“纳税人2016年5月1日后购进货物和设计服务、建筑服务，用于新建不动产，或者用于改建、扩建、修缮、装饰不动产并增加不动产原值超过50%的，其进项税额依照本办法有关规定分2年从销项税额中抵扣。
　　不动产原值，是指取得不动产时的购置原价或作价。
　　上述分2年从销项税额中抵扣的购进货物，是指构成不动产实体的材料和设备，包括建筑装饰材料和给排水、采暖、卫生、通风、照明、通讯、煤气、消防、中央空调、电梯、电气、智能化楼宇设备及配套设施。“
　　因此，纳税人2016年5月1日后购进货物装饰不动产并增加不动产原值超过50%的，其进项税额需要分两年从销项税额中抵扣，增加不动产原值未超过50%的则不需要分两年抵扣。
",http://www.cqsw.gov.cn/cqsswj/hdjl/rdwt/zzs/201805/t20180525_280499.html
纳税人为员工购置的意外保险能否用于增值税进项抵扣？,发布日期：2017-11-27 14:08:00,"
　　答：一、根据《中华人民共和国增值税暂行条例》（国务院令第538号）第十条规定：“下列项目的进项税额不得从销项税额中抵扣：
　　（一）用于非增值税应税项目、免征增值税项目、集体福利或者个人消费的购进货物或者应税劳务；
　　二、根据《财政部国家税务总局关于全面推开营业税改征增值税试点的通知》（财税2016年36号）附件1《营业税改征增值税试点实施办法》第二十七条规定：“下列项目的进项税额不得从销项税额中抵扣：
　　（一）用于简易计税方法计税项目、免征增值税项目、集体福利或者个人消费的购进货物、加工修理修配劳务、服务、无形资产和不动产。其中涉及的固定资产、无形资产、不动产，仅指专用于上述项目的固定资产、无形资产（不包括其他权益性无形资产）、不动产。
　　纳税人的交际应酬消费属于个人消费。
　　因此，为员工购置的意外保险，如果是不限于工作时间或者不属于特殊工种的，属于集体福利，不得进行进项税额抵扣。如果是专门针对特殊工种高危岗位的人员而购置的意外保险，属于生产经营需要，可以进行进项税额抵扣。
",http://www.cqsw.gov.cn/cqsswj/hdjl/rdwt/zzs/201805/t20180525_280500.html
我公司为其他单位进行树木的种植是否可以免征增值税？,发布日期：2017-11-21 16:48:00,"



　
　　答：根据《财政部国家税务总局关于全面推开营业税改征增值税试点的通知》（财税〔2016〕36号）附件3《营业税改征增值税试点过渡政策的规定》规定：“一、下列项目免征增值税
　　（十）农业机耕、排灌、病虫害防治、植物保护、农牧保险以及相关技术培训业务，家禽、牲畜、水生动物的配种和疾病防治。
　　农业机耕，是指在农业、林业、牧业中使用农业机械进行耕作（包括耕耘、种植、收割、脱粒、植物保护等）的业务；排灌，是指对农田进行灌溉或者排涝的业务；病虫害防治，是指从事农业、林业、牧业、渔业的病虫害测报和防治的业务；农牧保险，是指为种植业、养殖业、牧业种植和饲养的动植物提供保险的业务；相关技术培训，是指与农业机耕、排灌、病虫害防治、植物保护业务相关以及为使农民获得农牧保险知识的技术培训业务；家禽、牲畜、水生动物的配种和疾病防治业务的免税范围，包括与该项服务有关的提供药品和医疗用具的业务。“
　　因此，在农业、林业、牧业中使用农业机械进行种植的业务免征增值税，你公司如符合上述条件免征增值税。
?
",http://www.cqsw.gov.cn/cqsswj/hdjl/rdwt/zzs/201805/t20180525_280498.html
软件开发是否属于技术开发服务范围？是否可以免征增值税？,发布日期：2017-11-20 17:26:00,"
　　答：根据《财政部国家税务总局关于全面推开营业税改征增值税试点的通知》（财税2016年36号）附件3《营业税改征增值税试点过渡政策的规定》规定：“一、下列项目免征增值税
　　（二十六）纳税人提供技术转让、技术开发和与之相关的技术咨询、技术服务
　　1.技术转让、技术开发，是指《销售服务、无形资产、不动产注释》中“转让技术”、“研发服务”范围内的业务活动。技术咨询，是指就特定技术项目提供可行性论证、技术预测、专题技术调查、分析评价报告等业务活动。“
　　另根据附件1《营业税改征增值税试点实施办法》附件《销售服务、无形资产、不动产注释》规定：“（六）现代服务。
　　1.研发和技术服务。
　　研发服务，也称技术开发服务，是指就新技术、新产品、新工艺或者新材料及其系统进行研究与试验开发的业务活动。
　　2.信息技术服务。
　　（1）软件服务，是指提供软件开发服务、软件维护服务、软件测试服务的业务活动。
　　因此，软件开发属于信息技术服务，不属于研发服务范围，不能免征增值税。
",http://www.cqsw.gov.cn/cqsswj/hdjl/rdwt/zzs/201805/t20180525_280497.html
纳税人取得未填写“购买方纳税人识别号”栏次的增值税普通发票是否可以作为税收凭证？,发布日期：2017-11-16 15:13:00,"
　　答：根据《国家税务总局关于增值税发票开具有关问题的公告》（国家税务总局公告2017年第16号）第一条规定：“自2017年7月1日起，购买方为企业的，索取增值税普通发票时，应向销售方提供纳税人识别号或统一社会信用代码；销售方为其开具增值税普通发票时，应在”购买方纳税人识别号“栏填写购买方的纳税人识别号或统一社会信用代码。不符合规定的发票，不得作为税收凭证。本公告所称企业，包括公司、非公司制企业法人、企业分支机构、个人独资企业、合伙企业和其他企业。”
",http://www.cqsw.gov.cn/cqsswj/hdjl/rdwt/zzs/201805/t20180525_280496.html
对残疾个人提供的加工修理修配劳务、营改增服务是否免征增值税？,发布日期：2017-11-15 14:52:00,"



　
　　答：一、根据《财政部税务总局关于促进残疾人就业增值税优惠政策的通知》（财税〔2016〕52号）规定：“八、残疾人个人提供的加工、修理修配劳务，免征增值税。……十二、本通知自2016年5月1日起执行，纳税人2016年5月1日前执行财税〔2007〕92号和财税〔2013〕106号文件发生的应退未退的增值税余额，可按照本通知第五条规定执行。”
　　二、根据《财政部税务总局关于全面推开营业税改征增值税试点的通知》（财税〔2016〕36号）附件三《营业税改征增值税试点过渡政策的规定》：“一、下列项目免征增值税……（六）残疾人员本人为社会提供的服务。……本通知附件规定的内容，除另有规定执行时间外，自2016年5月1日起执行。”
?
",http://www.cqsw.gov.cn/cqsswj/hdjl/rdwt/zzs/201805/t20180525_280495.html
请问承运方委托其他运输企业完成部分运输所支付的道路通行费能否抵扣？,发布日期：2017-11-14 17:17:00,"
　　答：根据《国家税务总局关于跨境应税行为免税备案等增值税问题的公》（国家税务总局公告2017年第30号）规定，纳税人以承运人身份与托运人签订运输服务合同，收取运费并承担承运人责任，然后委托实际承运人完成全部或部分运输服务时，自行采购并交给实际承运人使用的成品油和支付的道路、桥、闸通行费，同时符合下列条件的，其进项税额准予从销项税额中抵扣：
　　（一）成品油和道路、桥、闸通行费，应用于纳税人委托实际承运人完成的运输服务；
　　（二）取得的增值税扣税凭证符合现行规定。
　　因此，若您公司委托其他运输企业完成部分运输所支付的道路通行费符合上述条件，可以按规定抵扣进项税额。
",http://www.cqsw.gov.cn/cqsswj/hdjl/rdwt/zzs/201805/t20180525_280494.html
因土地权属更名，项目公司取得土地出让金收据抬头与公司名称不一致，如何进行增值税处理？,发布日期：2017-11-07 17:10:00,"
　　答：财税「2016」140号文件第八条规定：房地产开发企业（包括多个房地产开发企业组成的联合体）受让土地向政府部门支付土地价款后，设立项目公司对该受让土地进行开发，同时符合下列条件的，可由项目公司按规定扣除房地产开发企业向政府部门支付的土地价款。
　　（一）房地产开发企业、项目公司、政府部门三方签订变更协议或补充合同，将土地受让人变更为项目公司；
　　（二）政府部门出让土地的用途、规划等条件不变的情况下，签署变更协议或补充合同时，土地价款总额不变；
　　（三）项目公司的全部股权由受让土地的房地产开发企业持有。
",http://www.cqsw.gov.cn/cqsswj/hdjl/rdwt/zzs/201805/t20180525_280505.html
认证抵扣后的增值税专用发票“抵扣联”需保存多久？,发布日期：2017-11-06 09:35:00,"




?
　　答：根据《税收征收管理法实施细则》（国务院令第362号）第二十九条规定，账簿、记账凭证、报表、完税凭证、发票、出口凭证以及其他有关涉税资料应当合法、真实、完整。账簿、记账凭证、报表、完税凭证、发票、出口凭证以及其他有关涉税资料应当保存10年；但是，法律、行政法规另有规定的除外。因此，根据规定，抵扣联也属于发票，应该保存10年。
?
?

",http://www.cqsw.gov.cn/cqsswj/hdjl/rdwt/zzs/201805/t20180525_280504.html
纳税人发生跨境应税行为，已按规定办理免税备案，以后发生相同的跨境应税行为时，是否需要重新备案？,发布日期：2017-11-02 12:16:00,"
　　答：根据《国家税务总局公告2017年第30号》(国家税务总局关于跨境应税行为免税备案等增值税问题的公告)：“一、纳税人发生跨境应税行为，按照《国家税务总局关于发布〈营业税改征增值税跨境应税行为增值税免税管理办法(试行)〉的公告》(国家税务总局公告2016年第29号)的规定办理免税备案手续后发生的相同跨境应税行为，不再办理备案手续。纳税人应当完整保存相关免税证明材料备查。纳税人在税务机关后续管理中不能提供上述材料的，不得享受相关免税政策，对已享受的减免税款应予补缴，并依照《中华人民共和国税收征收管理法》的有关规定处理。”
",http://www.cqsw.gov.cn/cqsswj/hdjl/rdwt/zzs/201805/t20180525_280503.html
企业没有发生关联业务还需要报送关联报表吗？,发布日期：2018-07-26 10:44:00,"



　　答：根据《国家税务总局关于完善关联申报和同期资料管理有关事项的公告》（国家税务总局公告2016年第42号）第一条规定，实行查账征收的居民企业和在中国境内设立机构、场所并据实申报缴纳企业所得税的非居民企业，年度内与其关联方发生业务往来的，在报送年度企业所得税纳税申报表时，应当附送《中华人民共和国企业年度关联业务往来报告表(2016年版)》。
　　企业年度内未与其关联方发生业务往来，但符合42号公告第五条规定需要报送国别报告的，只填报《报告企业信息表》和国别报告的6张表。
　　企业年度内未与其关联方发生业务往来，且不符合国别报告报送条件的，可以不进行关联申报。
",http://www.cqsw.gov.cn/cqsswj/hdjl/rdwt/qysds/201807/t20180726_283228.html
研发费用加计扣除企业所得税优惠政策适用于什么类型的企业？,发布日期：2018-07-26 10:43:00,　　答：根据《财政部 国家税务总局 科技部关于完善研究开发费用税前加计扣除政策的通知》(财税〔2015〕119号)第五条规定，本通知适用于会计核算健全、实行查账征收并能够准确归集研发费用的居民企业。,http://www.cqsw.gov.cn/cqsswj/hdjl/rdwt/qysds/201807/t20180726_283227.html
企业所得税税前扣除资产损失还需要专项申报吗？还需要备案吗？,发布日期：2018-07-18 15:59:00,"　　答：根据《国家税务总局关于企业所得税资产损失资料留存备查有关事项的公告》（国家税务总局公告2018年第15号）第一条规定，企业向税务机关申报扣除资产损失，仅需填报企业所得税年度纳税申报表《资产损失税前扣除及纳税调整明细表》，不再报送资产损失相关资料。相关资料由企业留存备查。
　　第二条规定，企业应当完整保存资产损失相关资料，保证资料的真实性、合法性。
　　第三条规定，本公告规定适用于2017年度及以后年度企业所得税汇算清缴。""",http://www.cqsw.gov.cn/cqsswj/hdjl/rdwt/qysds/201807/t20180718_283173.html
职工教育经费是不是都可以按8%进行税前扣除？,发布日期：2018-07-18 15:58:00,　　答：根据《财政部 税务总局关于企业职工教育经费税前扣除政策的通知》（财税〔2018〕51号）有关规定，2018年1月1日起，企业发生的职工教育经费支出，不超过工资薪金总额8%的部分，准予在计算企业所得税应纳税所得额时扣除；超过部分，准予在以后纳税年度结转扣除。,http://www.cqsw.gov.cn/cqsswj/hdjl/rdwt/qysds/201807/t20180718_283172.html
2018年4月份购入的一批设备，不超过500万，是否可以在企业所得税上一次性扣掉？,发布日期：2018-07-11 15:20:00,"　　答："" 根据《财政部 税务总局关于设备 器具扣除有关企业所得税政策的通知》（财税〔2018〕54号）第一条规定，企业在2018年1月1日至2020年12月31日期间新购进的设备、器具，单位价值不超过500万元的，允许一次性计入当期成本费用在计算应纳税所得额时扣除，不再分年度计算折旧；单位价值超过500万元的，仍按企业所得税法实施条例、《财政部 国家税务总局关于完善固定资产加速折旧企业所得税政策的通知》（财税〔2014〕75号）、《财政部 国家税务总局关于进一步完善固定资产加速折旧企业所得税政策的通知》（财税〔2015〕106号）等相关规定执行。
　　第二条规定，本通知所称设备、器具，是指除房屋、建筑物以外的固定资产。""",http://www.cqsw.gov.cn/cqsswj/hdjl/rdwt/qysds/201807/t20180711_283139.html
跨地区经营汇总纳税企业按规定汇总计算的企业所得税的预缴税款和汇算清缴应缴应退税款的分摊比例是如何规定的？,发布日期：2018-07-11 15:19:00,　　答：根据《国家税务总局关于印发<跨地区经营汇总纳税企业所得税征收管理办法>的公告》(国家税务总局公告2012年第57号)第六条规定，汇总纳税企业按照《企业所得税法》规定汇总计算的企业所得税，包括预缴税款和汇算清缴应缴应退税款，50%在各分支机构间分摊，各分支机构根据分摊税款就地办理缴库或退库;50%由总机构分摊缴纳，其中25%就地办理缴库或退库，25%就地全额缴入中央国库或退库。具体的税款缴库或退库程序按照财预〔2012〕40号文件第五条等相关规定执行。,http://www.cqsw.gov.cn/cqsswj/hdjl/rdwt/qysds/201807/t20180711_283138.html
委托境外研发发生的费用也可以加计扣除了？,发布日期：2018-07-09 10:21:00,"　　答："" 根据《财政部 税务总局 科技部关于企业委托境外研究开发费用税前加计扣除有关政策问题的通知》(财税〔2018〕64号)规定，委托境外进行研发活动所发生的费用，按照费用实际发生额的80%计入委托方的委托境外研发费用。委托境外研发费用不超过境内符合条件的研发费用三分之二的部分，可以按规定在企业所得税前加计扣除。
　　""",http://www.cqsw.gov.cn/cqsswj/hdjl/rdwt/qysds/201807/t20180709_283113.html
允许在企业所得税前扣除的凭证有哪些？,发布日期：2018-07-09 10:20:00,"　　答：?""根据《国家税务总局关于发布《企业所得税税前扣除凭证管理办法》的公告》（国家税务总局公告2018年第28号）规定，第八条 税前扣除凭证按照来源分为内部凭证和外部凭证。
　　内部凭证是指企业自制用于成本、费用、损失和其他支出核算的会计原始凭证。内部凭证的填制和使用应当符合国家会计法律、法规等相关规定。
　　外部凭证是指企业发生经营活动和其他事项时，从其他单位、个人取得的用于证明其支出发生的凭证，包括但不限于发票(包括纸质发票和电子发票)、财政票据、完税凭证、收款凭证、分割单等。
　　""",http://www.cqsw.gov.cn/cqsswj/hdjl/rdwt/qysds/201807/t20180709_283112.html
企业于2017年申请高新技术企业认定，但在2018年才能取得证书，问2017年汇算清缴时企业是否可以享受高新技术企业优惠？,发布日期：2018-02-01 16:19:00,"



?
　　答：根据《国家税务总局关于实施高新技术企业所得税优惠政策有关问题的公告》（国家税务总局公告2017年第24号）文件规定，“一、企业获得高新技术企业资格后，自高新技术企业证书注明的发证时间所在年度起申报享受税收优惠，并按规定向主管税务机关办理备案手续。
　　企业的高新技术企业资格期满当年，在通过重新认定前，其企业所得税暂按15%的税率预缴，在年底前仍未取得高新技术企业资格的，应按规定补缴相应期间的税款。”
?
?
",http://www.cqsw.gov.cn/cqsswj/hdjl/rdwt/qysds/201805/t20180525_280528.html
请问已抵扣的增值税进项税额是否可以在企业所得税税前扣除？,发布日期：2018-01-05 13:58:00,"



?
　　答：根据《全国人民代表大会常务委员会关于修改<中华人民共和国企业所得税法>的决定》(中华人民共和国主席令第64号)文件规定，“第八条 企业实际发生的与取得收入有关的、合理的支出，包括成本、费用、税金、损失和其他支出，准予在计算应纳税所得额时扣除。”
　　根据《中华人民共和国企业所得税法实施条例》（中华人民共和国国务院令第512号）文件规定，“第三十一条 企业所得税法第八条所称税金，是指企业发生的除企业所得税和允许抵扣的增值税以外的各项税金及其附加。”
?
",http://www.cqsw.gov.cn/cqsswj/hdjl/rdwt/qysds/201805/t20180525_280533.html
企业取得的政府补贴是否需要缴纳企业所得税？,发布日期：2018-01-04 13:20:00,"



?
　　答：根据《财政部　国家税务总局关于财政性资金、行政事业性收费、政府性基金有关企业所得税政策问题的通知》（财税〔2008〕151号）文件规定，“一、财政性资金
　　（一）企业取得的各类财政性资金，除属于国家投资和资金使用后要求归还本金的以外，均应计入企业当年收入总额。
　　（二）对企业取得的由国务院财政、税务主管部门规定专项用途并经国务院批准的财政性资金，准予作为不征税收入，在计算应纳税所得额时从收入总额中减除。
　　......
　　本条所称财政性资金，是指企业取得的来源于政府及其有关部门的财政补助、补贴、贷款贴息，以及其他各类财政专项资金，包括直接减免的增值税和即征即退、先征后退、先征后返的各种税收，但不包括企业按规定取得的出口退税款；所称国家投资，是指国家以投资者身份投入企业、并按有关规定相应增加企业实收资本（股本）的直接投资。”
　　根据《财政部 国家税务总局关于专项用途财政性资金企业所得税处理问题的通知》（财税〔2011〕70号）文件规定，“一、企业从县级以上各级人民政府财政部门及其他部门取得的应计入收入总额的财政性资金，凡同时符合以下条件的，可以作为不征税收入，在计算应纳税所得额时从收入总额中减除：
　　（一）企业能够提供规定资金专项用途的资金拨付文件；
　　（二）财政部门或其他拨付资金的政府部门对该资金有专门的资金管理办法或具体管理要求；
　　（三）企业对该资金以及以该资金发生的支出单独进行核算。”
?
",http://www.cqsw.gov.cn/cqsswj/hdjl/rdwt/qysds/201805/t20180525_280532.html
单位取得的实物投资资产（固定资产），能否计提折旧在企业所得税税前扣除？,发布日期：2018-01-02 16:31:00,"



?
　　答：根据《全国人民代表大会常务委员会关于修改<中华人民共和国企业所得税法>的决定》(中华人民共和国主席令第64号)文件规定，“第十一条 在计算应纳税所得额时，企业按照规定计算的固定资产折旧，准予扣除。
　　下列固定资产不得计算折旧扣除：
　　(一)房屋、建筑物以外未投入使用的固定资产;
　　(二)以经营租赁方式租入的固定资产;
　　(三)以融资租赁方式租出的固定资产;
　　(四)已足额提取折旧仍继续使用的固定资产;
　　(五)与经营活动无关的固定资产;
　　(六)单独估价作为固定资产入账的土地;
　　(七)其他不得计算折旧扣除的固定资产。”
?
",http://www.cqsw.gov.cn/cqsswj/hdjl/rdwt/qysds/201805/t20180525_280531.html
企业发生的业务招待费支出在企业所得税税前扣除的标准是什么？,发布日期：2017-12-27 14:36:00,"



?
　　答：根据《中华人民共和国企业所得税法实施条例》（中华人民共和国国务院令第512号）第四十三条规定：“企业发生的与生产经营活动有关的业务招待费支出，按照发生额的60%扣除，但最高不得超过当年销售（营业）收入的5‰。”
?
?
",http://www.cqsw.gov.cn/cqsswj/hdjl/rdwt/qysds/201805/t20180525_280530.html
自然人个人成立的合伙企业需要缴纳企业所得税吗？公司合伙成立合伙企业，各个公司需要缴纳企业所得吗？,发布日期：2017-12-15 10:28:00,"



?
　　答：根据《财政部　国家税务总局关于合伙企业合伙人所得税问题的通知》（财税〔2008〕159号）规定，二、合伙企业以每一个合伙人为纳税义务人。合伙企业合伙人是自然人的，缴纳个人所得税；合伙人是法人和其他组织的，缴纳企业所得税。
　　因此，合伙企业合伙人是自然人的，缴纳个人所得税；合伙人是法人和其他组织的，缴纳企业所得税。
?
?
",http://www.cqsw.gov.cn/cqsswj/hdjl/rdwt/qysds/201805/t20180525_280529.html
研发费用税前加计扣除的外聘研发人员范围有哪些？费用如何归集？,发布日期：2017-12-13 12:18:00,"



　　答：根据《国家税务总局关于研发费用税前加计扣除归集范围有关问题的公告》（国家税务总局公告〔2017〕40号）规定：外聘研发人员是指与本企业或劳务派遣企业签订劳务用工协议（合同）和临时聘用的研究人员、技术人员、辅助人员。
　　接受劳务派遣的企业按照协议（合同）约定支付给劳务派遣企业，且由劳务派遣企业实际支付给外聘研发人员的工资薪金等费用，属于外聘研发人员的劳务费用。
　　例1：2017年某劳务派遣公司向A企业派遣5人，企业根据合同规定支付劳务费120万元（已取得相关发票），根据劳务派遣公司提供的劳务派遣单位派遣员工工资薪金及费用明细表，120万元劳务费中：工资薪金86万元、五险一金15万元（其中住房公积金3万元）、补充养老保险4万元（无补充医疗保险）、补充住房公积金2万元、职工福利费5万元、职工教育经费1万元、工会经费1万元，管理费6万元。若A企业将外聘5人全部作为研发人员参与甲项目的研发。则2017年甲项目可归集的外聘人员的人工费用103万元（86+15+2），甲项目可归入其他相关费用外聘人员费用9万元（4+5）。
　　若派遣人员中同时从事非研发活动的，企业应对其人员活动情况做必要记录，并将其实际发生的相关费用按实际工时占比等合理方法在研发费用和生产经营费用间分配，未分配的不得加计扣除。
?
",http://www.cqsw.gov.cn/cqsswj/hdjl/rdwt/qysds/201805/t20180525_280518.html
分支机构的资产损失，是分支机构还是总机构向主管税务机关申报扣除？,发布日期：2017-09-27 16:55:00,"



　　　答：根据《国家税务总局关于印发〈跨地区经营汇总纳税企业所得税征收管理办法〉的公告》（国家税务总局公告2012年第57号）第四条规定，……二级分支机构，是指汇总纳税企业依法设立并领取非法人营业执照（登记证书），且总机构对其财务、业务、人员等直接进行统一核算和管理的分支机构。
　　第二十五条规定，汇总纳税企业发生的资产损失，应按以下规定申报扣除：
　　（一）总机构及二级分支机构发生的资产损失，除应按专项申报和清单申报的有关规定各自向所在地主管税务机关申报外，二级分支机构还应同时上报总机构；三级及以下分支机构发生的资产损失不需向所在地主管税务机关申报，应并入二级分支机构，由二级分支机构统一申报。
　　（二）总机构对各分支机构上报的资产损失，除税务机关另有规定外，应以清单申报的形式向所在地主管税务机关申报。
　　（三）总机构将分支机构所属资产捆绑打包转让所发生的资产损失，由总机构向所在地主管税务机关专项申报。
　　二级分支机构所在地主管税务机关应对二级分支机构申报扣除的资产损失强化后续管理。
　　《国家税务总局关于发布<企业资产损失所得税税前扣除管理办法>的公告》（国家税务总局公告2011年第25号）第十一条规定，在中国境内跨地区经营的汇总纳税企业发生的资产损失，应按以下规定申报扣除：
　　（一）总机构及其分支机构发生的资产损失，除应按专项申报和清单申报的有关规定，各自向当地主管税务机关申报外，各分支机构同时还应上报总机构；
　　（二）总机构对各分支机构上报的资产损失，除税务机关另有规定外，应以清单申报的形式向当地主管税务机关进行申报；
　　（三）总机构将跨地区分支机构所属资产捆绑打包转让所发生的资产损失，由总机构向当地主管税务机关进行专项申报。
　　因此，贵公司下属的分公司发生的资产损失应以专项申报或清单申报的形式向分支机构所在地税务机关申报，同时应由分支机构所在地主管税务机关审核并出具证明后，再由总机构向所在地主管税务机关申报扣除。对总机构将跨地区分支机构所属资产捆绑打包转让所发生的资产损失，由总机构向当地主管税务机关进行专项申报。
?
",http://www.cqsw.gov.cn/cqsswj/hdjl/rdwt/qysds/201805/t20180525_280517.html
公司自有车辆保险费专票是否可抵扣？可否企业所得税税前扣除？,发布日期：2017-09-26 10:07:00,"
　　答：根据《财政部、国家税务总局关于全面推开营业税改征增值税试点的通知》（财税〔2016〕36号）附件1：《营业税改征增值税试点实施办法》第二十七条规定，下列项目的进项税额不得从销项税额中抵扣：
　　（一）用于简易计税方法计税项目、免征增值税项目、集体福利或者个人消费的购进货物、加工修理修配劳务、服务、无形资产和不动产。其中涉及的固定资产、无形资产、不动产，仅指专用于上述项目的固定资产、无形资产（不包括其他权益性无形资产）、不动产。
　　纳税人的交际应酬消费属于个人消费。
　　（二）非正常损失的购进货物，以及相关的加工修理修配劳务和交通运输服务。
　　（三）非正常损失的在产品、产成品所耗用的购进货物（不包括固定资产）、加工修理修配劳务和交通运输服务。
　　（四）非正常损失的不动产，以及该不动产所耗用的购进货物、设计服务和建筑服务。
　　（五）非正常损失的不动产在建工程所耗用的购进货物、设计服务和建筑服务。
　　纳税人新建、改建、扩建、修缮、装饰不动产，均属于不动产在建工程。
　　（六）购进的旅客运输服务、贷款服务、餐饮服务、居民日常服务和娱乐服务。
　　（七）财政部和国家税务总局规定的其他情形。
　　本条第（四）项、第（五）项所称货物，是指构成不动产实体的材料和设备，包括建筑装饰材料和给排水、采暖、卫生、通风、照明、通讯、煤气、消防、中央空调、电梯、电气、智能化楼宇设备及配套设施。
　　《企业所得税法》第八条规定，企业实际发生的与取得收入有关的、合理的支出，包括成本、费用、税金、损失和其他支出，准予在计算应纳税所得额时扣除。
　　《企业所得税法实施条例》第四十六条规定，企业参加财产保险，按照规定缴纳的保险费，准予扣除。
　　因此，企业自有车辆取得车辆保险专用发票只要不用于《营业税改征增值税试点实施办法》第二十七条规定的不得抵扣项目均可以抵扣进项税额，同时可以在企业所得税税前扣除。
",http://www.cqsw.gov.cn/cqsswj/hdjl/rdwt/qysds/201805/t20180525_280516.html
离职补偿金可否企业所得税税前扣除？,发布日期：2017-09-26 10:06:00,"




?
　　答:《企业所得税实施条例》第三十四条规定，企业发生的合理的工资薪金支出，准予扣除。前款所称工资薪金，是指企业每一纳税年度支付给在本企业任职或者受雇的员工的所有现金形式或者非现金形式的劳动报酬，包括基本工资、奖金、津贴、补贴、年终加薪、加班工资，以及与员工任职或者受雇有关的其他支出。
　　《国家税务总局关于华为集团内部人员调动离职补偿税前扣除问题的批复》（税总函〔2015〕299号）规定，企业根据公司财务制度为职工提取离职补偿费，在进行年度企业所得税汇算清缴时，对当年度“预提费用”科目发生额进行纳税调整，待职工从企业离职并实际领取离职补偿费后，企业可按规定进行税前扣除。
　　根据上述规定，离职员工虽然已经不是企业“任职或者受雇”人员，但发放的离职补偿是因为其在公司任职而发生的，应作为与员工任职或受雇相关的支出，在实际支付时按规定进行税前扣除，计提而未支付的离职补偿金不得税前扣除。
?
　　

",http://www.cqsw.gov.cn/cqsswj/hdjl/rdwt/qysds/201805/t20180525_280515.html
新技术、新产品、新工艺研究开发费用扣除有什么优惠政策？,发布日期：2016-08-11 11:51:00,"



　
　　答:根据《中华人民共和国企业所得税法实施条例》(国务院令第512号)第九十五条规定：“企业所得税法第三十条第(一)项所称研究开发费用的加计扣除，是指企业为开发新技术、新产品、新工艺发生的研究开发费用，未形成无形资产计入当期损益的，在按照法规据实扣除的基础上，按照研究开发费用的50%加计扣除；形成无形资产的，按照无形资产成本的150%摊销。”
",http://www.cqsw.gov.cn/cqsswj/hdjl/rdwt/qysds/201805/t20180525_280520.html
对企业支付给实习生的报酬税前扣除有什么条件限制？,发布日期：2016-08-11 11:51:00,"
　　答：一、根据《国家税务总局关于企业所得税应纳税所得额若干税务处理问题的公告》(国家税务总局公告2012年第15号)的规定：“一、关于季节工、临时工等费用税前扣除问题? 企业因雇用季节工、临时工、实习生、返聘离退休人员以及接受外部劳务派遣用工所实际发生的费用，应区分为工资薪金支出和职工福利费支出，并按《企业所得税法》规定在企业所得税前扣除。其中属于工资薪金支出的，准予计入企业工资薪金总额的基数，作为计算其他各项相关费用扣除的依据。
　　……
　　九、本公告施行时间? 本公告规定适用于2011年度及以后各年度企业应纳税所得额的处理。”
　　二、根据《国家税务总局关于企业工资薪金和职工福利费等支出税前扣除问题的公告》(国家税务总局公告2015年第34号 )的规定：“本公告适用于2014年度及以后年度企业所得税汇算清缴。本公告施行前尚未进行税务处理的事项，符合本公告规定的可按本公告执行。
　　《国家税务总局关于企业所得税应纳税所得额若干税务处理问题的公告》(税务总局公告2012年第15号)第一条有关企业接受外部劳务派遣用工的相关规定同时废止。
　　特此公告。”
",http://www.cqsw.gov.cn/cqsswj/hdjl/rdwt/qysds/201805/t20180525_280522.html
我公司于2011年7月为其他公司提供担保，因为借款企业没有及时偿还借款，银行于今年9月强制扣划我公司存款60余万元。请问，因借款人不能按期偿还债务而承担连带还款责任的损失，可否税前扣除？,发布日期：2016-08-11 11:47:00,"



　　答：《国家税务总局关于发布企业资产损失所得税税前扣除管理办法的公告》（国家税务总局公告2011年第25号）第四十四条规定，企业对外提供与本企业应纳税收入有关的担保，因被担保人不能按期偿还债务而承担连带还款责任，经清查和追索，被担保人无偿还能力，对无法追回的，比照应收账款损失进行处理。与本企业应纳税收入有关的担保，指企业对外提供的与本企业投资、融资、材料采购、产品销售等主要生产经营活动密切相关的担保。因此，上述企业如对外提供的担保与本企业应纳税收入有关，经追索无法收回的担保损失可在税前扣除；如与本企业应纳税收入无关的担保，因被担保人不能按期偿还债务而承担连带还款责任造成的损失，则不得在税前扣除。
",http://www.cqsw.gov.cn/cqsswj/hdjl/rdwt/qysds/201805/t20180525_280519.html
新加坡籍居民公司投资境内企业所持股本超过25%，境内企业分回给该新加坡企业的股息依据双边税收协定，是否按5%的税率代扣代缴预提所得税？,发布日期：2016-08-09 15:33:00,"



　　　答：《新加坡共和国政府和中华人民共和国政府关于对所得避免双重征税和防止偷漏税的协定》第十条第一款规定，缔约国一方居民公司支付给缔约国另一方居民的股息，可以在该缔约国另一方征税。第十条第二款规定，这些股息也可以在支付股息的公司是其居民的缔约国，按照该缔约国法律征税。但是，如果股息受益所有人是缔约国另一方居民，则所征税款：
　　（一）在受益所有人是公司（合伙企业除外），并直接拥有支付股息公司至少百分之二十五资本的情况下，不应超过股息总额的百分之五；
　　（二）在其他情况下，不应超过股息总额的百分之十。
　　缔约国双方主管当局应协商确定实施限制税率的方式。本款不应影响对该公司就支付股息的利润所征收的公司利润税。
　　根据上述规定，新加坡籍公司，投资中国境内居民企业超过25%股本的，取得的股息可享受协定待遇，按5%的税率代扣代缴企业所得税。
",http://www.cqsw.gov.cn/cqsswj/hdjl/rdwt/qysds/201805/t20180525_280512.html
我公司以经营租赁方式租入了部分设备。请问，因此支付的租赁费用如何在企业所得税税前扣除？,发布日期：2014-01-07 10:29:00,"



?
　　答：这笔租赁费用可在租赁期内均匀扣除。企业所得税法实施条例第四十七条规定，企业根据生产经营活动的需要租入固定资产支付的租赁费，按照以下方法扣除：1.以经营租赁方式租入固定资产发生的租赁费支出，按照租赁期限均匀扣除。2.以融资租赁方式租入固定资产发生的租赁费支出，按照规定构成融资租入固定资产价值的部分应当提取折旧费用，分期扣除。因此，上述公司以经营租赁方式租入的固定资产发生的租赁费，可以在租赁期限内均匀扣除。
",http://www.cqsw.gov.cn/cqsswj/hdjl/rdwt/qysds/201805/t20180525_280527.html
我公司和境外一家设计公司签订房屋设计合同，境外公司派遣人员到国内进行考察并拟定初步方案后，再回到其公司进行具体设计。请问，该境外公司是否需要在我国缴纳企业所得税？,发布日期：2014-01-02 10:54:00,"



?
?? 答：需视具体情况而定。《中华人民共和国企业所得税法》第三条第二款、第三款规定，非居民企业在中国境内设立机构、场所的，应当就其所设机构、场所取得的来源于中国境内的所得，以及发生在中国境外但与其所设机构、场所有实际联系的所得缴纳企业所得税。企业所得税法实施条例第七条规定，来源于中国境内、境外的所得，按照以下原则确定，提供劳务所得，按照劳务发生地确定。因此，该项设计业务需按劳务发生地来判断是否属来源于我国的所得。
　　非居民企业在中国境内未设立机构、场所的，或者虽设立机构、场所但取得的所得与其所设机构、场所没有实际联系的，应当就其来源于中国境内的所得缴纳企业所得税。企业所得税法第四条规定，非居民企业取得本法第三条第三款规定的所得，适用税率为20%。企业所得税法第二十七条规定，企业取得本法第三条第三款规定的所得可以免征、减征企业所得税。企业所得税法实施条例第九十一条规定，非居民企业取得企业所得税法第二十七条第（五）项规定的所得，减按10%的税率征收企业所得税。
　　根据上述规定，该公司所述情况属于非居民企业来源于境内的所得，如果属于境内设立机构、场所的且所得与境内设立的场所有联系的，应该按照25%缴纳企业所得税，应自行缴纳不需要代扣代缴；如果与设立场所没有联系或者在境内没有设立场所，需判定是否构成常设机构，如未构成常设机构，需要享受税收协定待遇的，按规定程序办理。如构成常设机构，且能够准确进行会计核算的，需要按年度计算，分季预缴，年终汇算清缴。如不能准确核算的，由税务机关核定征收。
",http://www.cqsw.gov.cn/cqsswj/hdjl/rdwt/qysds/201805/t20180525_280526.html
我公司利用闲置资金向银行购买理财产品，请问，购买理财产品获得的收益是否属于免税收入？,发布日期：2013-06-26 00:00:00,"
　　答：企业所得税法及其实施条例规定，股息、红利等权益性投资收益，指企业因权益性投资从被投资方取得的收入。符合条件的居民企业之间的股息、红利等权益性投资收益的收入为免税收入，该项是指居民企业直接投资于其他居民企业取得的投资收益，不包括连续持有居民企业公开发行并上市流通的股票不足12个月取得的投资收益。而理财产品，是由银行自行设计并发行，将募集到的资金根据产品合同约定投入相关金融市场及购买相关金融产品，获取投资收益后，根据合同约定分配给投资人的一类理财活动。因此，企业利用闲置资金向银行购买的理财产品获得的收益，不能作为股息、红利等权益性投资收益享受免征企业所得税待遇。
?
",http://www.cqsw.gov.cn/cqsswj/hdjl/rdwt/qysds/201805/t20180525_280523.html
我公司是居民企业，有向境内居民企业的投资。请问，企业取得境内居民企业分红如何办理免税备案手续？,发布日期：2013-05-09 00:00:00,"
　　答：企业所得税法第二十六条规定，符合条件的居民企业之间的股息、红利等权益性投资收益，在中国境内设立机构、场所的非居民企业从居民企业取得与该机构、场所有实际联系的股息、红利等权益性投资收益为免税收入。第二十六条第二项所称符合条件的居民企业之间的股息、红利等权益性投资收益，是指居民企业直接投资于其他居民企业取得的投资收益，不包括连续持有居民企业公开发行并上市流通的股票不足12个月取得的投资收益。
　　《国家税务总局关于发布修订后的《企业所得税优惠政策事项办理办法》的公告》（国家税务总局公告2018年第23号）：企业在年度纳税申报及享受优惠事项前无需再履行备案手续、报送《企业所得税优惠事项备案表》《汇总纳税企业分支机构已备案优惠事项清单》和享受优惠所需要的相关资料，原备案资料全部作为留存备查资料，保留在企业，以备税务机关后续核查时根据需要提供。?
",http://www.cqsw.gov.cn/cqsswj/hdjl/rdwt/qysds/201805/t20180525_280524.html
超豪华小汽车零售环节消费税应纳税额是如何规定的？,发布日期：2018-07-26 10:49:00,"　　答：“根据《财政部 国家税务总局关于对超豪华小汽车加征消费税有关事项的通知》（财税〔2016〕129号）规定：“三、超豪华小汽车零售环节消费税应纳税额计算公式：
　　应纳税额=零售环节销售额(不含增值税，下同)×零售环节税率
　　国内汽车生产企业直接销售给消费者的超豪华小汽车，消费税税率按照生产环节税率和零售环节税率加总计算。消费税应纳税额计算公式:
　　应纳税额=销售额×(生产环节税率+零售环节税率)
　　四、上述规定自2016年12月1日起执行。……”
　　",http://www.cqsw.gov.cn/cqsswj/hdjl/rdwt/xfs/201807/t20180726_283234.html
当期外购或委托加工收回的应税消费品的已纳消费税如何计算扣除？,发布日期：2018-07-26 10:48:00,"　　答：一、根据《国家税务总局关于用外购和委托加工收回的应税消费品连续生产应税消费品征收消费税问题的通知》（国税发〔1995〕94号）规定：二、当期准予扣除的外购或委托加工收回的应税消费品的已纳消费税税款，应按当期生产领用数量计算。计算公式如下：
　　（一）当期准予扣除的外购应税消费品已纳税款=当期准予扣除的外购应税消费品买价×外购应税消费品适用税率
　　当期准予扣除的外购应税消费品买价=期初库存的外购应税消费品的买价+当期购进的应税消费品的买价-期末库存的外购应税消费品的买价
　　（二）当期准予扣除的委托加工应税消费品已纳税款=期初库存的委托加工应税消费品已纳税款+当期收回的委托加工应税消费品已纳税款-期末库存的委托加工应税消费品已纳税款”
　　二、根据《国家税务总局关于印发<调整和完善消费税政策征收管理规定>的通知》(国税发〔2006〕49号) 四、关于消费税税款抵扣
　　（二）抵扣税款的计算方法
　　通知第七条规定的准予从消费税应纳税额中扣除原料已纳消费税税款的计算公式按照不同行为分别规定如下：
　　1.外购应税消费品连续生产应税消费品
　　（1）实行从价定率办法计算应纳税额的
　　当期准予扣除外购应税消费品已纳税款=当期准予扣除外购应税消费品买价×外购应税消费品适用税率
　　当期准予扣除外购应税消费品买价=期初库存外购应税消费品买价+当期购进的外购应税消费品买价-期末库存的外购应税消费品买价
　　外购应税消费品买价为纳税人取得的本规定第二条第（三）款规定的发票（含销货清单）注明的应税消费品的销售额（增值税专用发票必须是2006年4月1日以后开具的，下同）。
　　（2）实行从量定额办法计算应纳税额的
　　当期准予扣除的外购应税消费品已纳税款=当期准予扣除外购应税消费品数量×外购应税消费品单位税额
　　当期准予扣除外购应税消费品数量=期初库存外购应税消费品数量+当期购进外购应税消费品数量-期末库存外购应税消费品数量
　　外购应税消费品数量为本规定第二条第（三）款规定的发票（含销货清单）注明的应税消费品的销售数量。
　　2.委托加工收回应税消费品连续生产应税消费品
　　当期准予扣除的委托加工应税消费品已纳税款=期初库存的委托加工应税消费品已纳税款+当期收回的委托加工应税消费品已纳税款-期末库存的委托加工应税消费品已纳税款
　　委托加工应税消费品已纳税款为代扣代收税款凭证注明的受托方代收代缴的消费税。
　　3.进口应税消费品
　　当期准予扣除的进口应税消费品已纳税款=期初库存的进口应税消费品已纳税款+当期进口应税消费品已纳税款-期末库存的进口应税消费品已纳税款
　　进口应税消费品已纳税款为《海关进口消费税专用缴款书》注明的进口环节消费税。
　　",http://www.cqsw.gov.cn/cqsswj/hdjl/rdwt/xfs/201807/t20180726_283233.html
纳税人自用应征消费税的摩托车、汽车、游艇，其进项税额能否抵扣？,发布日期：2018-07-18 16:04:00,"　　答：""根据《财政部 国家税务总局关于全面推开营业税改征增值税试点的通知》(财税〔2016〕36号)附件2 《营业税改征增值税试点有关事项的规定》第二条第一款规定：“2.原增值税一般纳税人自用的应征消费税的摩托车、汽车、游艇，其进项税额准予从销项税额中抵扣。
　　......
　　本通知附件规定的内容，除另有规定执行时间外，自2016年5月1日起执行。”
?
　　
　　""",http://www.cqsw.gov.cn/cqsswj/hdjl/rdwt/xfs/201807/t20180718_283178.html
工业企业以外的单位和个人的哪些行为视为应税消费品的生产行为，应当按规定征收消费税？,发布日期：2018-07-18 16:04:00,"　　答：""根据《国家税务总局关于消费税有关政策问题的公告》（国家税务总局公告2012年第47号）规定：“三、工业企业以外的单位和个人的下列行为视为应税消费品的生产行为，按规定征收消费税：
　　（一）将外购的消费税非应税产品以消费税应税产品对外销售的；
　　（二）将外购的消费税低税率应税产品以高税率应税产品对外销售的。
　　四、本公告自2013年1月1日起执行。”
?
　　
　　""",http://www.cqsw.gov.cn/cqsswj/hdjl/rdwt/xfs/201807/t20180718_283179.html
锻压金首饰是否在零售环节征收消费税?,发布日期：2018-07-11 15:25:00,"　　答：""根据《国家税务总局关于锻压金首饰在零售环节征收消费税问题的批复》（国税函发〔1996〕727号）规定：“目前市场上销售的一些含金饰品如锻压金,铸金,复合金等,其生产工艺与包金,镀金首饰有明显区别,且这类含金饰品在进口环节均未征收消费税.为严密征税规定,公平税负,避免纳税人以饰品名称的不同钻空子,进行偷税,逃税,现对在零售环节征收消费税的金银首饰的范围重申如下：
　　在零售环节征收消费税的金银首饰的范围不包括镀金(银),包金(银)首饰,以及镀金(银),包金(银)的镶嵌首饰,凡采用包金,镀金工艺以外的其他工艺制成的含金,银首饰及镶嵌首饰,如锻压金,铸金,复合金首饰等,都应在零售环节征收消费税。”
?
　　
　　""",http://www.cqsw.gov.cn/cqsswj/hdjl/rdwt/xfs/201807/t20180711_283145.html
卷烟企业申报缴纳消费税时是否需要报送《卷烟批发企业月份销售明细清单》及《卷烟生产企业年度销售明细表》？,发布日期：2018-07-11 15:24:00,"　　答：""根据《卷烟消费税计税价格信息采集和核定管理办法》（国家税务总局令第26号）第五条规定：“《卷烟批发企业月份销售明细清单》（以下简称《清单》，见附件），为卷烟批发企业申报缴纳消费税（以下简称申报纳税）的附报资料，由卷烟批发企业按月填写，于每月申报纳税时一并向主管税务机关报送。”
　　第六条规定：“《卷烟生产企业年度销售明细表》（以下简称《明细表》，见附件），由卷烟生产企业于次年的1月份填写，于填报当月申报纳税时一并向主管税务机关报送。”
　　第七条规定：“《清单》和《明细表》由主管税务机关审核后，于申报期结束后10个工作日内逐级上报至省（自治区、直辖市和计划单列市）税务局（以下简称省国家税务局）。省税务局应于次月15日前，上报国家税务总局。
　　第十九条 国家税务总局依据国家烟草专卖局备案信息及《清单》，建立全国统一的卷烟信息库，记录各牌号规格卷烟核价的相关信息。”
　　第二十一条规定：“本办法自2012年1月1日起施行。……”""",http://www.cqsw.gov.cn/cqsswj/hdjl/rdwt/xfs/201807/t20180711_283144.html
纳税人发生哪些情形且未缴纳消费税的，主管税务机关应依法补征税款并予以相应处理？,发布日期：2018-07-09 10:25:00,"　　答：""根据《国家税务总局关于消费税有关政策问题补充规定的公告》（国家税务总局公告2013年第50号）规定纳税人发生下列情形之一且未缴纳消费税的，主管税务机关应依法补征税款并予以相应处理：
　　①应提供而未提供检验证明;
　　②虽提供检验证明，但实际生产加工的产品不符合检验证明所依据的国家或行业标准。
　　""",http://www.cqsw.gov.cn/cqsswj/hdjl/rdwt/xfs/201807/t20180709_283119.html
公司与客户签订生产销售合同，按照预收货款的方式制造5台高档摩托车并于10月交付产品。4月，公司收到预收款10万元，对已收到的该笔货款是否需要缴纳消费税？,发布日期：2018-07-09 10:24:00,　　答：根据《中华人民共和国消费税暂行条例实施细则》第8条第1款规定，采取预收货款结算方式的，纳税义务发生时间为发出应税消费品的当天，因此，公司应于完成摩托车的制造、发出应税消费品时确认消费税纳税义务发生。,http://www.cqsw.gov.cn/cqsswj/hdjl/rdwt/xfs/201807/t20180709_283118.html
润滑油分装销售需缴消费税吗？,发布日期：2016-08-11 12:10:00,　　答：根据近期下发的《财政部、国家税务总局关于消费税若干具体政策的通知》（财税〔2006〕125号）规定：“单位和个人外购润滑油大包装经简单加工改成小包装或者外购润滑油不经加工只贴商标的行为，视同应税消费税品的生产行为。单位和个人发生的以上行为应当申报缴纳消费税。准予扣除外购润滑油已纳的消费税税款。”发生了分装行为，就应当申报缴纳消费税，同时准予扣除外购润滑油已纳的消费税税款。,http://www.cqsw.gov.cn/cqsswj/hdjl/rdwt/xfs/201805/t20180525_280671.html
我公司有应税消费品委托其他企业加工业务。现我公司以高于受托方的价格将委托加工的应税消费品出售，请问，是否需要缴纳消费税？,发布日期：2013-02-05 00:00:00,"
　　答：《财政部、国家税务总局关于〈中华人民共和国消费税暂行条例实施细则〉有关条款解释的通知》（财法〔2012〕8号）规定，消费税暂行条例实施细则第七条第二项规定“委托加工的应税消费品直接出售的，不再缴纳消费税”，现将这一规定的含义解释如下：委托方将收回的应税消费品，以不高于受托方的计税价格出售的，为直接出售，不再缴纳消费税；委托方以高于受托方的计税价格出售的，不属于直接出售，需按照规定申报缴纳消费税，在计税时准予扣除受托方已代收代缴的消费税。本规定自2012年9月1日起施行。
",http://www.cqsw.gov.cn/cqsswj/hdjl/rdwt/xfs/201805/t20180525_280547.html
生产啤酒的企业，将自产的啤酒自用或用于连续生产，是否缴纳消费税？,发布日期：2013-02-01 00:00:00,"
　　答：《中华人民共和国消费税暂行条例》第四条规定，纳税人生产的应税消费品，于纳税人销售时纳税。纳税人自产自用的应税消费品，用于连续生产应税消费品的，不纳税；用于其他方面的，于移送使用时纳税。《中华人民共和国消费税暂行条例实施细则》第六条规定，暂行条例第四条第一项所称连续生产应税消费品，指纳税人将自产自用的应税消费品作为直接材料生产最终应税消费品，自产自用应税消费品构成最终应税消费品的实体。暂行条例第四条第一项所称用于其他方面，指纳税人将自产自用应税消费品用于生产非应税消费品、在建工程、管理部门、非生产机构、提供劳务、馈赠、赞助、集资、广告、样品、职工福利、奖励等方面。根据上述规定，生产啤酒的企业，将自产的啤酒用于连续生产啤酒或其他应税消费品的，不纳税；自用或用于生产非应税消费品的，需要缴纳消费税。
",http://www.cqsw.gov.cn/cqsswj/hdjl/rdwt/xfs/201805/t20180525_280548.html
我公司主要从事进出口业务，最近增加了进口葡萄酒的项目。请问，进口葡萄酒应缴纳何种税？,发布日期：2012-11-27 00:00:00,"
　　答：《国家税务总局关于修订《葡萄酒消费税管理办法（试行）》的公告》（国家税务总局公告2015年第15号）　第二条? 在中华人民共和国生产、委托加工、进口葡萄酒的单位和个人，为葡萄酒消费税纳税人。
　　葡萄酒消费税适用“酒”税目下设的“其他酒”子目。
",http://www.cqsw.gov.cn/cqsswj/hdjl/rdwt/xfs/201805/t20180525_280557.html
企业销售利用废弃的动植物油生产的纯生物柴油，是否需要缴纳消费税？,发布日期：2011-07-13 00:00:00,"
　　答：根据《财政部、国家税务总局关于对利用废弃的动植物油生产纯生物柴油免征消费税的通知》（财税〔2010〕118号?）规定，从2009年1月1日起，对同时符合下列条件的纯生物柴油免征消费税：1.生产原料中废弃的动物油和植物油用量所占比重不低于70%。2.生产的纯生物柴油符合国家《柴油机燃料调合生物柴油（BD100）》标准。对不符合上述规定的生物柴油，或者以柴油、柴油组分调合生产的生物柴油照章征收消费税。近日，财政部、国家税务总局又下发《关于明确废弃动植物油生产纯生物柴油免征消费税适用范围的通知》（财税〔2011〕46号），对“废弃的动物油和植物油”的范围明确如下：1.餐饮、食品加工单位及家庭产生的不允许食用的动植物油脂。主要包括泔水油、煎炸废弃油、地沟油和抽油烟机凝析油等。2.利用动物屠宰分割和皮革加工修削的废弃物处理提炼的油脂，以及肉类加工过程中产生的非食用油脂。3.食用油脂精炼加工过程中产生的脂肪酸、甘油脂及含少量杂质的混合物。主要包括酸化油、脂肪酸、棕榈酸化油、棕榈油脂肪酸、白土油及脱臭馏出物等。4.油料加工或油脂储存过程中产生的不符合食用标准的油脂。
",http://www.cqsw.gov.cn/cqsswj/hdjl/rdwt/xfs/201805/t20180525_280556.html
拖拉机轮胎是否征收消费税？,发布日期：2011-07-13 00:00:00,"
　　答：根据《国家税务总局关于农用拖拉机、收割机和手扶拖拉机专用轮胎不征收消费税问题的公告》（国家税务总局公告2010年第16号）规定，农用拖拉机、收割机和手扶拖拉机专用轮胎不属于《消费税暂行条例》规定的应征消费税的“汽车轮胎”范围，不征收消费税。本公告自2010年12月1日起施行。 根据《财政部 国家税务总局关于调整消费税政策的通知》（财税〔2014〕93号）规定：“二、取消汽车轮胎税目。……?
　　五、本通知自2014年12月1日起执行。”?
",http://www.cqsw.gov.cn/cqsswj/hdjl/rdwt/xfs/201805/t20180525_280558.html
金店销售的黄金摆件和金条，是否应缴纳消费税？,发布日期：2010-10-12 00:00:00,"
　　答：根据《消费税暂行条例》、《财政部、国家税务总局关于调整金银首饰消费税纳税环节有关问题的通知》（财税字〔1994〕95号）规定，黄金摆件和金条不属于金银首饰范围，在零售环节不征收消费税。
",http://www.cqsw.gov.cn/cqsswj/hdjl/rdwt/xfs/201805/t20180525_280541.html
企业委托其他单位加工金银首饰，是否要缴纳消费税？,发布日期：2010-10-09 00:00:00,"
　　答：根据《财政部、国家税务总局关于调整金银首饰消费纳税环节有关问题的通知》（财税字〔1994〕95号）规定，委托加工金银首饰的，受托方（个体工商户除外）是纳税人。据此，该企业委托的“其他单位”如果不属于个体工商户，则不必缴纳消费税。
",http://www.cqsw.gov.cn/cqsswj/hdjl/rdwt/xfs/201805/t20180525_280542.html
应税消费品的包装物是否计征消费税？,发布日期：2010-03-23 00:00:00,"
　　答：根据《消费税暂行条例实施细则》第十三条规定，应税消费品连同包装物销售的，无论包装物是否单独计价以及在会计上如何核算，均应并入应税消费品的销售额中缴纳消费税。如果包装物不作价随同产品销售，而是收取押金，此项押金则不应并入应税消费品的销售额中征税。但对因逾期未收回的包装物不再退还的或者已收取的时间超过12个月的押金，应并入应税消费品的销售额，按照应税消费品的适用税率缴纳消费税。对既作价随同应税消费品销售，又另外收取押金的包装物，凡纳税人在规定的期限内没有退还的，均应并入应税消费品的销售额，按照应税消费品的适用税率缴纳消费税。
",http://www.cqsw.gov.cn/cqsswj/hdjl/rdwt/xfs/201805/t20180525_280550.html
怎样计算卷烟产品消费税 ?,发布日期：2009-07-28 00:00:00,"
　　答:《财政部、国家税务总局关于调整烟产品消费税政策的通知》（财税〔2009〕84号）第一条规定，调整卷烟生产环节（含进口）消费税的从价税税率。1.甲类卷烟，即每标准条（200支，下同）调拨价格在70元（不含增值税）以上（含70元）的卷烟，税率调整为56%。2.乙类卷烟，即每标准条调拨价格在70元（不含增值税）以下的卷烟，税率调整为36%。卷烟的从量定额税率不变。
财税〔2009〕84号文件第二条规定，在卷烟批发环节加征一道从价税。对在我国境内从事卷烟批发业务的单位和个人，批发销售的所有牌号规格的卷烟的，都要按照批发卷烟的销售额（不含增值税）乘以5%的税率缴纳批发环节的消费税。纳税人应将卷烟销售额与其他商品销售额分开核算，未分开核算的，一并征收消费税。第二条第九款还规定，卷烟消费税在生产和批发两个环节征收后，批发企业在计算纳税时不得扣除已含的生产环节的消费税税款。

　　根据《财政部 国家税务总局关于调整烟类产品消费税政策的通知》（财税〔2001〕91号）规定：“二、调整卷烟消费税计税办法 ?
　　卷烟消费税计税办法由《中华人民共和国消费税暂行条例》规定的实行从价定率计算应纳税额的办法调整为实行从量定额和从价定率相结合计算应纳税额的复合计税办法。应纳税额计算公式： ?
　　应纳税额=销售数量×定额税率+销售额×比例税率?
　　凡在中华人民共和国境内生产、委托加工、进口卷烟的单位和个人，都应当依照规定缴纳从量定额消费税和从价定率消费税。?
　　……?
　　四、本《通知》规定调整的烟类产品仅限于卷烟。雪茄烟、烟丝的消费税税率和计税方法仍按照《中华人民共和国消费税暂行条例》的有关规定执行。”?

　　?根据《财政部 国家税务总局关于调整卷烟消费税的通知》(财税〔2015〕60号)的规定，“经国务院批准，现将调整卷烟消费税政策问题通知如下： ?

　　一、将卷烟批发环节从价税税率由5%提高至11%，并按0.005元/支加征从量税。
　　……
　　三、本通知自2015年5月10日起执行。此前有关文件规定与本通知相抵触的，以本通知为准。”
?",http://www.cqsw.gov.cn/cqsswj/hdjl/rdwt/xfs/201805/t20180525_280545.html
生产调味料酒免缴消费税有何条件?,发布日期：2009-05-31 00:00:00,"
　　答：根据《国家税务总局关于调味料酒征收消费税问题的通知》（国税函〔2008〕742号）规定，国家已经出台调味品分类的国家标准，按照国家标准的要求，调味料酒属于调味品，不属于配置酒和泡制酒，对调味料酒不征收消费税。调味料酒是指以白酒、黄酒或食用酒精为主要原料，添加食盐、植物香辛料等配制加工而成的产品，名称标注（在食品标签上标注）为调味料酒的液体调味品。因此，凡按上述规定生产的调味料酒不应缴纳消费税。
",http://www.cqsw.gov.cn/cqsswj/hdjl/rdwt/xfs/201805/t20180525_280546.html
外购石脑油已纳消费税可否扣除？,发布日期：2008-02-27 00:00:00,"
　　答：财政部、国家税务总局近期下发了《关于调整部分成品油消费税政策的通知》（财税〔2008〕19号），规定以外购或委托加工收回的已税石脑油、润滑油、燃料油为原料生产的应税消费品，准予从消费税应纳税额中扣除原料已纳的消费税税款。抵扣税款的计算公式为：当期准予扣除的外购应税消费品已纳税款＝当期准予扣除外购应税消费品数量×外购应税消费品单位税额。该通知自2008年1月1日起执行。因此，企业以外购石脑油已纳消费税可以从当期应缴消费税中扣除。
",http://www.cqsw.gov.cn/cqsswj/hdjl/rdwt/xfs/201805/t20180525_280540.html
符合哪些条件的新能源汽车可享受免征车辆购置税优惠？,发布日期：2018-07-26 10:47:00,"　　答：“根据《财政部 税务总局 工业和信息化部 科技部关于免征新能源汽车车辆购置税的公告》(财政部公告2017年第172号)规定： 一、自2018年1月1日至2020年12月31日，对购置的新能源汽车免征车辆购置税。
　　二、对免征车辆购置税的新能源汽车，通过发布《免征车辆购置税的新能源汽车车型目录》(以下简称《目录》)实施管理。2017年12月31日之前已列入《目录》的新能源汽车，对其免征车辆购置税政策继续有效。
　　三、2018年1月1日起列入《目录》的新能源汽车须同时符合以下条件：
　　(一)获得许可在中国境内销售的纯电动汽车、插电式(含增程式)混合动力汽车、燃料电池汽车。
　　(二)符合新能源汽车产品技术要求(附件1)。
　　(三)通过新能源汽车专项检测，达到新能源汽车产品专项检验标准(附件2)。
　　(四)新能源汽车生产企业或进口新能源汽车经销商(以下简称企业)在产品质量保证、产品一致性、售后服务、安全监测、动力电池回收利用等方面符合相关要求(附件3)。
　　财政部、税务总局、工业和信息化部、科技部根据新能源汽车标准体系发展、技术进步和车型变化等情况，适时调整列入《目录》的新能源汽车条件。”
?
　　
　　""",http://www.cqsw.gov.cn/cqsswj/hdjl/rdwt/clgzs/201807/t20180726_283232.html
车辆购置税完税证明何时发放?,发布日期：2018-07-26 10:46:00,"



　　答：“根据《国家税务总局关于车辆购置税征收管理有关问题的公告》(国家税务总局公告〔2015〕第4号)规定：“纳税人到银行办理车辆购置税税款缴纳(转账或者现金)由银行将税款缴入国库的，主管税务机关依据国库传回的《税收缴款书(银行经收专用)》联次发放完税证明;纳税人通过横向联网电子缴税系统等电子方式缴纳税款的，税款划缴成功后，主管税务机关即可发放完税证明;纳税人在办税服务厅以现金方式缴纳税款的，主管税务机关收取税款后即可发放完税证明。”
?
",http://www.cqsw.gov.cn/cqsswj/hdjl/rdwt/clgzs/201807/t20180726_283231.html
哪些车辆可以免、减车辆购置税？,发布日期：2018-07-18 16:03:00,"



　　答：?""一、根据《中华人民共和国车辆购置税暂行条例》(中华人民共和国国务院令第294号)第九条规定：“车辆购置税的免税、减税，按照下列规定执行：
　　(一)外国驻华使馆、领事馆和国际组织驻华机构及其外交人员自用的车辆，免税;
　　(二)中国人民解放军和中国人民武装警察部队列入军队武器装备订货计划的车辆，免税;
　　(三)设有固定装置的非运输车辆，免税;
　　(四)有国务院规定予以免税或者减税的其他情形的，按照规定免税或者减税。”
　　二、根据《财政部 国家税务总局关于防汛专用等车辆免征车辆购置税的通知》(财税〔2001〕39号 )规定：“经国务院批准，对下列车辆免征车辆购置税：
　　一、防汛部门和森林消防部门用于指挥、检查、调度、报汛(警)、联络的由指定厂家生产的设有固定装置的指定型号的车辆(以下简称防汛专用车和森林消防专用车);
　　二、回国服务的在外留学人员用现汇购买1辆个人自用国产小汽车;
　　三、长期来华定居专家进口1辆自用小汽车。”
　　三、根据《财政部 国家税务总局关于农用三轮车免征车辆购置税的通知》(财税〔2004〕66号)规定：“自2004年10月1日起对指标为：柴油发动机，功率不大于7.4kw，载重量不大于500kg，最高车速不大于40km/h，三个车轮的农用三轮车免征车辆购置税。”
　　四、根据《财政部 国家税务总局关于城市公交企业购置公共汽电车辆免征车辆购置税的通知》(财税〔2016〕84号)第一条规定：“自2016年1月1日起至2020年12月31日止，对城市公交企业购置的公共汽电车辆免征车辆购置税。”
　　五、根据《财政部 国家税务总局关于‘母亲健康快车’项目专用车辆免征车辆购置税的通知》(财税〔2006〕176号)规定：“经国务院批准，对由中国妇女发展基金会募集社会捐赠资金统一购置的，用于“母亲健康快车”公益项目使用的流动医疗车免征车辆购置税。”
?
　　
　　
",http://www.cqsw.gov.cn/cqsswj/hdjl/rdwt/clgzs/201807/t20180718_283177.html
单位缴纳车辆购置税需要携带哪些资料？,发布日期：2018-07-18 16:01:00,"　　答：""一、根据《车辆购置税征收管理办法》(国家税务总局令第33号)第七条规定：“纳税人办理纳税申报时应如实填写《车辆购置税纳税申报表》(以下简称纳税申报表)，同时提供以下资料：
　　(一)纳税人身份证明;
　　(二)车辆价格证明;
　　(三)车辆合格证明;
　　(四)税务机关要求提供的其他资料。”
　　二、根据《国家税务总局关于车辆购置税征收管理有关问题的补充公告》(国家税务总局公告2016年第52号)规定：“ 一、《办法》第七条所称纳税人身份证明、车辆价格证明、车辆合格证明，分别如下：
　　(一)纳税人身份证明
　　......
　　4.组织机构，提供《营业执照》或者《税务登记证》或者《组织机构代码证》或者其他有效机构证明。
　　(二)车辆价格证明
　　1.境内购置车辆，提供销售者开具给纳税人购买应税车辆所支付的全部价款和价外费用的凭证，包括统一发票(发票联和报税联)或者其他有效凭证。
　　2.进口自用车辆，提供《海关进口关税专用缴款书》或者《海关进口消费税专用缴款书》或者海关进出口货物征免税证明。
　　(三)车辆合格证明
　　1.国产车辆，提供整车出厂合格证明(以下简称“合格证”)或者车辆电子信息单。
　　2.进口车辆，提供车辆电子信息单、车辆一致性证书、《中华人民共和国海关货物进口证明书》或者《中华人民共和国海关监管车辆进(出)境领(销)牌照通知书》或者《没收走私汽车、摩托车证明书》。”
?
　　
　　""",http://www.cqsw.gov.cn/cqsswj/hdjl/rdwt/clgzs/201807/t20180718_283176.html
销货方在价外向购买方收取的代办车辆购置税是否缴纳增值税?,发布日期：2018-07-11 15:23:00,"　　答：""一、根据《中华人民共和国增值税暂行条例》（国务院令第538号）第六条规定：“销售额为纳税人发生应税销售行为收取的全部价款和价外费用，但是不包括收取的销项税额。”
　　二、根据《中华人民共和国增值税暂行条例实施细则》（财政部　国家税务总局第50号令）第十二条规定：“条例第六条第一款所称价外费用，包括价外向购买方收取的手续费、补贴、基金、集资费、返还利润、奖励费、违约金、滞纳金、延期付款利息、赔偿金、代收款项、代垫款项、包装费、包装物租金、储备费、优质费、运输装卸费以及其他各种性质的价外收费。但下列项目不包括在内：
　　……
　　（四）销售货物的同时代办保险等而向购买方收取的保险费，以及向购买方收取的代购买方缴纳的车辆购置税、车辆牌照费。” 综上所述，销货方在价外向购买方收取的代办车辆购置税不需要缴纳增值税。""",http://www.cqsw.gov.cn/cqsswj/hdjl/rdwt/clgzs/201807/t20180711_283142.html
可减按7.5%征收车辆购置税的乘用车购置日期如何确定?,发布日期：2018-07-11 15:23:00,　　答：根据《财政部 国家税务总局关于减征1.6升及以下排量乘用车车辆购置税的通知》（财税〔2016〕136号）的规定：“三、乘用车购置日期按照《机动车销售统一发票》或《海关关税专用缴款书》等有效凭证的开具日期确定。”,http://www.cqsw.gov.cn/cqsswj/hdjl/rdwt/clgzs/201807/t20180711_283143.html
缴纳的车辆购置税税额为什么比购买车辆支付给销售者的全部价款和价外费用的金额乘以10%的税率计算出来要缴纳的税款高？,发布日期：2018-07-09 10:24:00,　　答：根据《中华人民共和国车辆购置税暂行条例》规定，车辆购置税实行从价定率的办法计算应纳税额。应纳税额的计算公式为：应纳税额=计税价格×税率。车辆购置税的税率为10%。 车辆购置税的计税价格根据不同情况，按照下列规定确定：①纳税人购买自用的应税车辆的计税价格，为纳税人购买应税车辆而支付给销售者的全部价款和价外费用，不包括增值税税款。②纳税人进口自用的应税车辆的计税价格的计算公式为：计税价格=关税完税价格+关税+消费税。③纳税人自产、受赠、获奖或者以其他方式取得并自用的应税车辆的计税价格，由主管税务机关参照最低计税价格核定。 国家税务总局参照应税车辆市场平均交易价格，规定不同类型应税车辆的最低计税价格。纳税人购买自用或者进口自用应税车辆，申报的计税价格低于同类型应税车辆的最低计税价格，又无正当理由的，按照最低计税价格征收车辆购置税，因此，缴纳的车辆购置税会出现比购买车辆支付给销售者的全部价款和价外费用的金额乘以10%的税率计算出来要缴纳的税款高的情况。,http://www.cqsw.gov.cn/cqsswj/hdjl/rdwt/clgzs/201807/t20180709_283117.html
挂车是否有减半征收车辆购置税的优惠？,发布日期：2018-07-09 10:23:00,　　答：?根据《财政部 税务总局 工业和信息化部关于对挂车减征车辆购置税的公告》（财政部 税务总局 工业和信息化部公告2018年第69号）文件规定，“一、自2018年7月1日至2021年6月30日，对购置挂车减半征收车辆购置税。购置日期按照《机动车销售统一发票》《海关关税专用缴款书》或者其他有效凭证的开具日期确定。 ”,http://www.cqsw.gov.cn/cqsswj/hdjl/rdwt/clgzs/201807/t20180709_283116.html
请问由于质量原因退回到经销商的车辆是否可以申请退还车辆购置税？,发布日期：2016-09-14 11:30:00,"
　　答：根据《国家税务总局关于修改<车辆购置税征收管理办法>的决定》（国家税务总局令第38号）规定，“第十五条 已缴纳车辆购置税的车辆，发生下列情形之一的，准予纳税人申请退税：
　　（一）车辆退回生产企业或者经销商的；
　　（二）符合免税条件的设有固定装置的非运输车辆但已征税的；
　　（三）其他依据法律法规规定应予退税的情形。”
",http://www.cqsw.gov.cn/cqsswj/hdjl/rdwt/clgzs/201805/t20180525_280657.html
购买了一款自动挡轿车，并按规定缴纳了车辆购置税。上个月因汽车质量出现问题，将汽车退还给经销商，并拿到了退车证明。能申请退还已缴的车购税吗？,发布日期：2016-08-11 12:14:00,"
　　答：《车辆购置税征收管理办法》（国家税务总局令第33号）
　　第十五条? 已缴纳车辆购置税的车辆，发生下列情形之一的，准予纳税人申请退税：
　　(一)车辆退回生产企业或者经销商的;
　　(二)符合免税条件的设有固定装置的非运输车辆但已征税的;
　　(三)其他依据法律法规规定应予退税的情形。
　　第十六条? 纳税人申请退税时，应如实填写《车辆购置税退税申请表》(以下简称退税申请表)，由本人、单位授权人员到主管税务机关办理退税手续，按下列情况分别提供资料：
　　(一)车辆退回生产企业或者经销商的，提供生产企业或经销商开具的退车证明和退车发票。
　　未办理车辆登记注册的，提供原完税凭证、完税证明正本和副本;已办理车辆登记注册的，提供原完税凭证、完税证明正本、公安机关车辆管理机构出具的机动车注销证明。
　　(二)符合免税条件的设有固定装置的非运输车辆但已征税的，未办理车辆登记注册的，提供原完税凭证、完税证明正本和副本;已办理车辆登记注册的，提供原完税凭证、完税证明正本。
　　(三)其他依据法律法规规定应予退税的情形，未办理车辆登记注册的，提供原完税凭证、完税证明正本和副本;已办理车辆登记注册的，提供原完税凭证、完税证明正本、公安机关车辆管理机构出具的机动车注销证明或者税务机关要求的其他资料。
",http://www.cqsw.gov.cn/cqsswj/hdjl/rdwt/clgzs/201805/t20180525_280666.html
购买法院拍卖的未缴车购税的汽车如何补税？,发布日期：2016-08-11 12:10:00,"
　　答：根据国家税务总局《关于车辆购置税征收管理有关问题的通知》（国税发〔2006〕123号）的规定，对于国家授权的执法部门没收的走私车辆、被司法机关和行政执法部门依法没收并拍卖的车辆，其库存（或使用）年限超过3年或行驶里程超过8万公里以上的，主管税务机关依据纳税人提供的统一发票或有效证明注明的价格确定计税依据。 　　文件同时规定，对已使用未完税车辆，纳税人在补办纳税申报时，滞纳税款之日分别按以下情况确定：1.纳税人提供的有效证明注明的时间超过3年（含）的或无法提供任何有效证明的，主管税务机关按照3年追溯期确定滞纳税款之日。2.对因不可抗力因素无法提供机动车销售统一发票，而已办理登记注册手续的车辆，主管税务机关按照机动车行驶证标注的车辆登记日期确定滞纳税款之日；未办理登记注册手续的车辆，主管税务机关按照车辆合格证明上标注的出厂日期后60日确定滞纳税款之日。
",http://www.cqsw.gov.cn/cqsswj/hdjl/rdwt/clgzs/201805/t20180525_280674.html
免税车辆再交易是否要缴税？,发布日期：2016-08-11 10:43:00,"
　　答：按《财政部、国家税务总局关于防汛专用等车辆免征车辆购置税的通知》（财税〔2001〕39号）和《车辆购置税征收管理办法》（国家税务总局第15号令）第三十二条规定，在外留学人员（含香港、澳门地区）回国服务的，购买1辆国产小汽车免征车辆购置税。不是留学人员而购买车辆，则免税条件消失，就应该缴纳车购税。免税车辆再交易因车主改变，免税优惠就失去了主体，免税条件随之消失。《税收征管法实施细则》第四十三条第二款规定：享受减税、免税优惠的纳税人，减税、免税条件发生变化的，应当自发生变化之日起15日内向税务机关报告；不再符合减税、免税条件的，应当依法履行纳税义务；未依法纳税的，税务机关应当予以追缴。
",http://www.cqsw.gov.cn/cqsswj/hdjl/rdwt/clgzs/201805/t20180525_280673.html
购置1.6升及以下排量乘用车车辆购置税如何计算?,发布日期：2016-08-11 09:57:00,"
　　答：根据《财政部 国家税务总局关于减征1.6升及以下排量乘用车车辆购置税的通知》（财税〔2016〕136号）的规定：“一、自2017年1月1日起至12月31日止，对购置1.6升及以下排量的乘用车减按7.5%的税率征收车辆购置税。自2018年1月1日起，恢复按10%的法定税率征收车辆购置税。
　　二、本通知所称乘用车，是指在设计和技术特性上主要用于载运乘客及其随身行李和(或)临时物品、含驾驶员座位在内最多不超过9个座位的汽车。具体包括：
　　(一)国产轿车：“中华人民共和国机动车整车出厂合格证”(以下简称合格证)中“车辆型号”项的车辆类型代号(车辆型号的第一位数字，下同)为“7”，“排量和功率(ml/kw)”项中排量不超过1600ml，“额定载客(人)”项不超过9人。
　　(二)国产专用乘用车：合格证中“车辆型号”项的车辆类型代号为“5”，“排量和功率(ml/kw)”项中排量不超过1600ml，“额定载客(人)”项不超过9人，“额定载质量(kg)”项小于额定载客人数和65kg的乘积。
　　(三)其他国产乘用车：合格证中“车辆型号”项的车辆类型代号为“6”，“排量和功率(ml/kw)”项中排量不超过1600ml，“额定载客(人)”项不超过9人。
　　(四)进口乘用车。参照国产同类车型技术参数认定。
　　三、乘用车购置日期按照《机动车销售统一发票》或《海关关税专用缴款书》等有效凭证的开具日期确定。”
",http://www.cqsw.gov.cn/cqsswj/hdjl/rdwt/clgzs/201805/t20180525_280672.html
我想退还新购买的车辆，但无法取得生产企业或经销商开具的退车证明。请问，这种情况下能否退还已缴的车购税？,发布日期：2012-08-15 00:00:00,"
　　答：　第十五条? 已缴纳车辆购置税的车辆，发生下列情形之一的，准予纳税人申请退税：
　　(一)车辆退回生产企业或者经销商的;
　　(二)符合免税条件的设有固定装置的非运输车辆但已征税的;
　　(三)其他依据法律法规规定应予退税的情形。
　　第十六条? 纳税人申请退税时，应如实填写《车辆购置税退税申请表》(以下简称退税申请表)，由本人、单位授权人员到主管税务机关办理退税手续，按下列情况分别提供资料：
　　(一)车辆退回生产企业或者经销商的，提供生产企业或经销商开具的退车证明和退车发票。
　　未办理车辆登记注册的，提供原完税凭证、完税证明正本和副本;已办理车辆登记注册的，提供原完税凭证、完税证明正本、公安机关车辆管理机构出具的机动车注销证明。
　　(二)符合免税条件的设有固定装置的非运输车辆但已征税的，未办理车辆登记注册的，提供原完税凭证、完税证明正本和副本;已办理车辆登记注册的，提供原完税凭证、完税证明正本。
　　(三)其他依据法律法规规定应予退税的情形，未办理车辆登记注册的，提供原完税凭证、完税证明正本和副本;已办理车辆登记注册的，提供原完税凭证、完税证明正本、公安机关车辆管理机构出具的机动车注销证明或者税务机关要求的其他资料。
",http://www.cqsw.gov.cn/cqsswj/hdjl/rdwt/clgzs/201805/t20180525_280668.html
我公司是一家公共交通运输公司，最近，我公司新购进了20辆公交车，不知是否可以享受免征车购税优惠？应如何办理免税手续？,发布日期：2012-08-06 00:00:00,"

　　答：一、根据《财政部 国家税务总局关于城市公交企业购置公共汽电车辆免征车辆购置税的通知》(财税〔2016〕841号)规定，对城市公交企业自2016年1月1日起至2020年12月31日止购置的公共汽电车辆免征车辆购置税。
　　二、《国家税务总局 交通运输部关于城市公交企业购置公共汽电车辆免征车辆购置税有关问题的通知》（税总发〔2016〕157号）：“三、城市公交企业向车辆购置税征收管理机关申报办理车辆购置税免税手续时，应当提供《车辆购置税征收管理办法》规定的相关资料，以及所在地县级以上(含县级)交通运输主管部门按照《公共汽车类型划分及等级评定》(JT/T 888-2014)标准要求进行复核，并依此出具的城市公交企业和公共汽电车辆认定证明、公共汽电车辆购置计划、采购合同或税务机关要求提供的其他证明材料的原件和复印件，原件经税务机关核对后退还，复印件由税务机关留存。车辆购置税征收管理机关依据上述材料为城市公交企业办理车辆购置税免税手续。”

",http://www.cqsw.gov.cn/cqsswj/hdjl/rdwt/clgzs/201805/t20180525_280670.html
购买二手车如何取得车辆购置税完税凭证？,发布日期：2012-07-12 00:00:00,　　答：《车辆购置税征收管理办法》（国家税务总局令第33号）第二十四条? 购买二手车时，购买者应当向原车主索要完税证明。,http://www.cqsw.gov.cn/cqsswj/hdjl/rdwt/clgzs/201805/t20180525_280659.html
农用三轮车在办理免税申报时，应提供哪些资料？,发布日期：2012-01-12 00:00:00,"
　　答：一、根据《车辆购置税征收管理办法》(国家税务总局令第33号)第七条规定：“纳税人办理纳税申报时应如实填写《车辆购置税纳税申报表》(以下简称纳税申报表)，同时提供以下资料：
　　(一)纳税人身份证明;
　　(二)车辆价格证明;
　　(三)车辆合格证明;
　　(四)税务机关要求提供的其他资料。
　　第十八条? 纳税人在办理车辆购置税免(减)税手续时，应如实填写纳税申报表和《车辆购置税免(减)税申报表》。”
　　二、根据《国家税务总局关于车辆购置税征收管理有关问题的补充公告》(国家税务总局公告2016年第52号)规定：“ 一、《办法》第七条所称纳税人身份证明、车辆价格证明、车辆合格证明，分别如下：
　　(一)纳税人身份证明
　　1.内地居民，提供内地《居民身份证》或者《居民户口簿》(上述证件上的签发机关所在地与车辆登记注册地不一致的，纳税人在申报纳税时需同时提供车辆登记注册地户籍管理部门出具的居住证明或者其他相关证明文书)或者军人(含武警)身份证明;
　　2.香港、澳门特别行政区、台湾地区居民，提供入境的身份证明和境内居住证明;
　　3.外国人，提供入境的身份证明和境内居住证明;
　　4.组织机构，提供《营业执照》或者《税务登记证》或者《组织机构代码证》或者其他有效机构证明。
　　(二)车辆价格证明
　　1.境内购置车辆，提供销售者开具给纳税人购买应税车辆所支付的全部价款和价外费用的凭证，包括统一发票(发票联和报税联)或者其他有效凭证。
　　2.进口自用车辆，提供《海关进口关税专用缴款书》或者《海关进口消费税专用缴款书》或者海关进出口货物征免税证明。
　　(三)车辆合格证明
　　1.国产车辆，提供整车出厂合格证明(以下简称“合格证”)或者车辆电子信息单。
　　2.进口车辆，提供车辆电子信息单、车辆一致性证书、《中华人民共和国海关货物进口证明书》或者《中华人民共和国海关监管车辆进(出)境领(销)牌照通知书》或者《没收走私汽车、摩托车证明书》。”
　　三、根据《中华人民共和国车辆购置税暂行条例》(中华人民共和国国务院令〔2000〕294号)附件规定：“三轮农用运输车是指柴油发动机，功率不大于7.4kw，载重量不大于500kg，最高车速不大于40km/h的三个车轮的机动车。”
",http://www.cqsw.gov.cn/cqsswj/hdjl/rdwt/clgzs/201805/t20180525_280662.html
购买了一辆小型农用运输车，并缴纳了车辆购置税。在到公安局车管所上牌照时，发现机动车销售发票丢失。请问，丢失了机动车销售发票能否补开？,发布日期：2011-12-23 00:00:00,"
　　答：个人购买小型汽车丢失机动车销售发票的可以补开。根据《国家税务总局关于消费者丢失机动车销售发票处理问题的批复》规定，鉴于车主申报缴纳车辆购置税时需要报送《机动车销售统一发票》（报税联），办理机动车登记时需要报送《机动车销售统一发票》注册登记联，如果丢失了机动车销售发票，可以重新补开。具体流程是：先到机动车销售单位取得丢失发票的存根联复印件，在复印件上加盖销售单位发票专用章或财务专用章，再到机动车销售方所在地主管税务机关盖章确认并登记备案，然后由机动车销售单位重新开具与原销售发票存根联内容一致的机动车销售发票。
",http://www.cqsw.gov.cn/cqsswj/hdjl/rdwt/clgzs/201805/t20180525_280664.html
我是一位公司白领，由于去年我的销售业绩突出，公司奖励我一台轿车。请问，我的这辆获奖轿车需要缴纳车辆购置税吗？,发布日期：2011-07-01 00:00:00,　　答：根据《车辆购置税暂行条例》第二条规定，在中华人民共和国境内购置车辆的单位和个人，为车辆购置税的纳税人，应当依照本条例缴纳车辆购置税。所称购置，包括购买、进口、自产、受赠、获奖或者以其他方式取得并自用应税车辆的行为。因此，因获奖方式得到的轿车应该缴纳车辆购置税。获奖方式取得的轿车的计税价格，应以税务机关核定价格为准，根据车辆购置税暂行条例的有关规定，纳税人自产、受赠、获奖或其他方式取得并自用的应税车辆的计税价格，由主管税务机关按国家税务总局确定的同类汽车的最低计税价格核定。自产、受赠、获奖或者以其他方式取得并自用应税车辆的，应当自取得之日起60日内申报纳税。因此要在规定的时间内向税务机关申报纳税，否则要加收滞纳金。,http://www.cqsw.gov.cn/cqsswj/hdjl/rdwt/clgzs/201805/t20180525_280654.html
我携带购车发票报税联去税务机关申报办理车辆购置税时，被告之因购车发票报税联盖有发票专用章，不符合规范不予办理。请问，发票报税联盖章后为何不能办理车辆购置税？,发布日期：2011-06-07 00:00:00,"



　　答：《国家税务总局关于使用新版机动车销售统一发票有关问题的通知》（国税函〔2006〕479号）规定，凡从事机动车零售业务的单位和个人，从2006年8月1日起，在销售机动车（不包括销售旧机动车）收取款项时，必须开具税务机关统一印制的新版《机动车销售统一发票》，并在发票联加盖财务专用章或发票专用章，抵扣联和报税联不得加盖印章。发票为电脑六联式发票，即第一联是发票联，第二联是抵扣联（购货单位扣税凭证），第三联是报税联，第四联是注册登记联，第五联是记账联，第六联是存根联。因此，第三联不得加盖印章。如果已经加盖，应重新开具。
",http://www.cqsw.gov.cn/cqsswj/hdjl/rdwt/clgzs/201805/t20180525_280655.html
货车自燃报废能否退还车购税?,发布日期：2010-09-28 00:00:00,　　答：根据《车辆购置税征收管理办法》规定，已缴车购税的车辆，发生下列情形之一的，准予纳税人申请退税：1.因质量原因，车辆被退回生产企业或者经销商的。2.应当办理车辆登记注册的车辆，公安机关车辆管理机构不予办理车辆登记注册的。车辆自燃不符合上述两种情形，因此不能申请退还车辆购置税。,http://www.cqsw.gov.cn/cqsswj/hdjl/rdwt/clgzs/201805/t20180525_280656.html
免税车辆再交易是否要缴税？,发布日期：2006-09-27 00:00:00,"
　　答：《车辆购置税征收管理办法》（国家税务总局令第33号）第六条? 免税车辆因转让、改变用途等原因，其免税条件消失的，纳税人应在免税条件消失之日起60日内到主管税务机关重新申报纳税。
　　免税车辆发生转让，但仍属于免税范围的，受让方应当自购买或取得车辆之日起60日内到主管税务机关重新申报免税。
",http://www.cqsw.gov.cn/cqsswj/hdjl/rdwt/clgzs/201805/t20180525_280667.html
符合哪些条件能暂予免征环境保护税？,发布日期：2018-07-26 10:50:00,　　答：（1）农业生产（不包括规模化养殖）排放应税污染物的。 （2）机动车、铁路机车、非道路移动机械、船舶和航空器等流动污染源排放应税污染物的。 （3）依法设立的城乡污水集中处理、生活垃圾集中处理场所排放相应应税污染物，不超过国家和地方规定的排放标准的。 （4）纳税人综合利用的固体废物，符合国家和地方环境保护标准的。 （5）国务院批准免税的其他情形。,http://www.cqsw.gov.cn/cqsswj/hdjl/rdwt/hbs/201807/t20180726_283236.html
应税大气污染物、水污染物、固体废物的排放量和噪声的分贝数，如何计算？,发布日期：2018-07-26 10:49:00,　　答：应税大气污染物、水污染物、固体废物的排放量和噪声的分贝数，按照下列方法和顺序计算： （1）纳税人安装使用符合国家规定和监测规范的污染物自动监测设备的，按照污染物自动监测数据计算。 （2）纳税人未安装使用污染物自动监测设备的，按照监测机构出具的符合国家有关规定和监测规范的监测数据计算。 （3）因排放污染物种类多等原因不具备监测条件的，按照国务院环境保护主管部门规定的排污系数、物料衡算方法计算。 （4）不能按照第一项至第三项规定的方法计算的，按照省、自治区、直辖市人民政府环境保护主管部门规定的抽样测算的方法核定计算。,http://www.cqsw.gov.cn/cqsswj/hdjl/rdwt/hbs/201807/t20180726_283235.html
不属于直接向环境排放应税污染物的情形有哪些？,发布日期：2018-07-18 16:05:00,　　答：一是向依法设立的污水集中处理、生活垃圾集中处理场所排放污染物的； 二是在符合国家和地方环境保护标准的设施、场所贮存或者处置固体废弃物的。,http://www.cqsw.gov.cn/cqsswj/hdjl/rdwt/hbs/201807/t20180718_283180.html
“费改税”后纳税人负担是否增加？,发布日期：2018-07-18 16:05:00,　　答：环境保护“费改税”，纳税人多排多缴税、少排少缴税，激励企业节能减排，加速“绿色发展”。为了让更多的企业享受到税收优惠，发挥税收的激励引导作用，环保税设置了两档税收减免优惠。开征后，将促使企业主动采取减少污染物排放措施，一些企业的纳税额还会有所减少。,http://www.cqsw.gov.cn/cqsswj/hdjl/rdwt/hbs/201807/t20180718_283181.html
重庆市环保税的具体税额标准是怎样的？,发布日期：2018-07-11 15:26:00,　　答：（1）我市确定自2018年1月1日至2020年12月31日，大气污染物税额标准为每污染当量2.4元；水污染物税额标准为每污染当量3元。自2021年1月1日起，大气污染物税额标准为每污染当量3.5元；水污染物税额标准为每污染当量3元。 （2）固体废物：每吨5元至1000元。 （3）噪声：按超标分贝每月350元至11200元。 注：固体废物和噪声的具体税额标准，请参见《环境保护税税目税额表》。,http://www.cqsw.gov.cn/cqsswj/hdjl/rdwt/hbs/201807/t20180711_283146.html
纳税人和税务机关、环境保护部门违反环境保护税法规定，承担什么法律责任？,发布日期：2018-07-11 15:26:00,　　答：纳税人和税务机关、环境保护主管部门及其工作人员违反本法规定的，按照《中华人民共和国税收征收管理法》、《中华人民共和国环境保护法》和有关法律法规的规定追究法律责任。,http://www.cqsw.gov.cn/cqsswj/hdjl/rdwt/hbs/201807/t20180711_283147.html
环保税和排污费有哪些区别？,发布日期：2018-07-09 10:27:00,　　答：?①增加了减按百分之七十五征收环保税的档次，扩大了优惠范围。②征收主体由环保部门改为税务机关，环保部门依法监测管理企业排污，并确定“企业申报、税务征收、环保监测、信息共享”的征管模式。,http://www.cqsw.gov.cn/cqsswj/hdjl/rdwt/hbs/201807/t20180709_283122.html
应税污染物当量数怎么计算？,发布日期：2018-07-09 10:27:00,　　答：应税污染物的当量数=该污染物的排放量÷该污染物的污染当量值。,http://www.cqsw.gov.cn/cqsswj/hdjl/rdwt/hbs/201807/t20180709_283123.html
哪些情形暂免征收环境保护税？,发布日期：2018-05-23 14:42:00,"
?

    
        
            
            
            答：根据《中华人民共和国环境保护税法》（中华人民共和国主席令 第六十一号）规定：“第十二条 下列情形，暂予免征环境保护税：?
            一)农业生产(不包括规模化养殖)排放应税污染物的;
            二)机动车、铁路机车、非道路移动机械、船舶和航空器等流动污染源排放应税污染物的;
            三)依法设立的城乡污水集中处理、生活垃圾集中处理场所排放相应应税污染物，不超过国家和地方规定的排放标准的;
            四)纳税人综合利用的固体废物，符合国家和地方环境保护标准的;
            五)国务院批准免税的其他情形。
            款第五项免税规定，由国务院报全国人民代表大会常务委员会备案。
            …
            二十八条 本法自2018年1月1日起施行。”
            
            
        
    

?
",http://www.cqsw.gov.cn/cqsswj/hdjl/rdwt/hbs/201805/t20180523_280367.html
环境保护税的纳税义务发生时间是如何规定的？,发布日期：2018-05-23 14:42:00,"
　　　　

    
        
            
            
            答：根据《中华人民共和国环境保护税法》（中华人民共和国主席令 第六十一号）规定：“第十六条 纳税义务发生时间为纳税人排放应税污染物的当日。……第二十八条 本法自2018年1月1日起施行。”?
            
            
        
    

?
",http://www.cqsw.gov.cn/cqsswj/hdjl/rdwt/hbs/201805/t20180523_280368.html
环境保护税的申报地点是如何规定的？,发布日期：2018-05-23 14:41:00,"
　　

    
        
            
            
            答：根据《中华人民共和国环境保护税法》（中华人民共和国主席令 第六十一号）规定：“第十七条 纳税人应当向应税污染物排放地的税务机关申报缴纳环境保护税。”?
            据《中华人民共和国环境保护税法实施条例》（中华人民共和国国务院令第693号）规定：“第十七条　环境保护税法第十七条所称应税污染物排放地是指：
            　　（一）应税大气污染物、水污染物排放口所在地；
            　　（二）应税固体废物产生地；
            　　（三）应税噪声产生地。
            　　第十八条　纳税人跨区域排放应税污染物，税务机关对税收征收管辖有争议的，由争议各方按照有利于征收管理的原则协商解决；不能协商一致的，报请共同的上级税务机关决定。
            …
            二十六条　本条例自2018年1月1日起施行。”
            
            
        
    

?
",http://www.cqsw.gov.cn/cqsswj/hdjl/rdwt/hbs/201805/t20180523_280366.html
哪些人需要缴纳环境保护税？,发布日期：2018-05-23 14:40:00,"
　　

    
        
            
            
            答：根据《中华人民共和国环境保护税法》 （中华人民共和国主席令 第六十一号）规定：“第二条 在中华人民共和国领域和中华人民共和国管辖的其他海域，直接向环境排放应税污染物的企业事业单位和其他生产经营者为环境保护税的纳税人，应当依照本法规定缴纳环境保护税。……第二十八条 本法自2018年1月1日起施行。”?
            
            
        
    

?
",http://www.cqsw.gov.cn/cqsswj/hdjl/rdwt/hbs/201805/t20180523_280365.html
环境保护税的申报期限是如何规定的？,发布日期：2018-05-23 14:39:00,"
　　答：根据《中华人民共和国环境保护税法》（中华人民共和国主席令 第六十一号）规定：“第十八条 环境保护税按月计算，按季申报缴纳。不能按固定期限计算缴纳的，可以按次申报缴纳。 纳税人申报缴纳时，应当向税务机关报送所排放应税污染物的种类、数量，大气污染物、水污染物的浓度值，以及税务机关根据实际需要要求纳税人报送的其他纳税资料。第十九条 纳税人按季申报缴纳的，应当自季度终了之日起十五日内，向税务机关办理纳税申报并缴纳税款。纳税人按次申报缴纳的，应当自纳税义务发生之日起十五日内，向税务机关办理纳税申报并缴纳税款。 纳税人应当依法如实办理纳税申报，对申报的真实性和完整性承担责任。……第二十八条 本法自2018年1月1日起施行。”
?",http://www.cqsw.gov.cn/cqsswj/hdjl/rdwt/hbs/201805/t20180523_280364.html
计算环境保护税时，应税污染物的计税依据如何确定？,发布日期：2018-05-23 14:38:00,"
　　答：根据《中华人民共和国环境保护税法》（中华人民共和国主席令 第六十一号）规定：“第七条 应税污染物的计税依据，按照下列方法确定：
　　(一)应税大气污染物按照污染物排放量折合的污染当量数确定;
　　(二)应税水污染物按照污染物排放量折合的污染当量数确定;
　　(三)应税固体废物按照固体废物的排放量确定;
　　(四)应税噪声按照超过国家规定标准的分贝数确定。
　　第八条 应税大气污染物、水污染物的污染当量数，以该污染物的排放量除以该污染物的污染当量值计算。每种应税大气污染物、水污染物的具体污染当量值，依照本法所附《应税污染物和当量值表》执行。
　　……
　　第二十八条 本法自2018年1月1日起施行。”
?",http://www.cqsw.gov.cn/cqsswj/hdjl/rdwt/hbs/201805/t20180523_280363.html
资本公积金、盈余公积金转增自然人股东股本的，是否缴纳个人所得税？,发布日期：2018-07-26 10:51:00,"　　答：“根据《国家税务总局关于股份制企业转增股本和派发红股征免个人所得税的通知》（国税发〔1997〕198号）第一条规定，股份制企业用资本公积金转增股本不属于股息、红利性质的分配，对个人取得的转增股本数额，不作为个人所得，不征收个人所得税。
　　第二条规定，股份制企业用盈余公积金派发红股属于股息、红利性质的分配，对个人取得的红股数额，应作为个人所得征税。
　　根据《国家税务总局关于原城市信用社在转制为城市合作银行过程中个人股增值所得应纳个人所得税的批复》（国税函发〔1998〕289号）第二条规定，《国家税务总局关于股份制企业转增股本和派发红股征免个人所得税的通知》(国税发〔1997〕198号)中所表述的‘资本公积金’是指股份制企业股票溢价发行收入所形成的资本公积金。将此转增股本由个人取得的数额，不作为应税所得征收个人所得税。而与此不相符合的其他资本公积金分配个人所得部分，应当依法征收个人所得税。”",http://www.cqsw.gov.cn/cqsswj/hdjl/rdwt/grsds/201807/t20180726_283238.html
个人从公开发行市场取得上市公司股票股息红利有没有税收优惠？,发布日期：2018-07-26 10:50:00,"　　答：根据《财政部 国家税务总局 证监会关于上市公司股息红利差别化个人所得税政策有关问题的通知》（财税（2015）101号）第一条的规定，个人从公开发行和转让市场取得的上市公司股票，持股期限超过1年的，股息红利所得暂免征收个人所得税。
　　个人从公开发行和转让市场取得的上市公司股票，持股期限在1个月以内(含1个月)的，其股息红利所得全额计入应纳税所得额;持股期限在1个月以上至1年(含1年)的，暂减按50%计入应纳税所得额;上述所得统一适用20%的税率计征个人所得税。",http://www.cqsw.gov.cn/cqsswj/hdjl/rdwt/grsds/201807/t20180726_283237.html
个人独资企业个人所得税汇算清缴的时间如何规定？,发布日期：2018-07-18 16:06:00,　　答：根据《财政部 国家税务总局关于印发<关于个人独资企业和合伙企业投资者征收个人所得税的法规>的通知》（财税〔2000〕91号）规定，个人独资企业比照个人所得税法的‘个体工商户的生产经营所得’应税项目计算征收个人所得税。根据《中华人民共和国个人所得税法》第九条规定，个体工商户的生产、经营所得应纳的税款，按年计算，分月预缴，由纳税义务人在次月十五日内预缴，年度终了后三个月内汇算清缴，多退少补。,http://www.cqsw.gov.cn/cqsswj/hdjl/rdwt/grsds/201807/t20180718_283182.html
生育津贴和生育医疗费是否享受个人所得税的优惠？,发布日期：2018-07-18 16:06:00,　　答：根据《国家税务总局关于生育津贴和生育医疗费有关个人所得税政策的通知》（财税〔2008〕8号）文件的规定，生育妇女按照县级以上人民政府根据国家有关规定制定的生育保险办法，取得的生育津贴、生育医疗费或其他属于生育保险性质的津贴、补贴，免征个人所得税。,http://www.cqsw.gov.cn/cqsswj/hdjl/rdwt/grsds/201807/t20180718_283183.html
对个人转让限售股采取何种方式缴纳个人所得税？,发布日期：2018-07-11 15:27:00,"　　答：""一、根据《国家税务总局关于做好限售股转让所得个人所得税征收管理工作的通知》（国税发〔2010〕8号）规定：“经国务院批准，自2010年1月1日起对个人转让上市公司限售股所得征收个人所得税。按照《财政部、国家税务总局、证监会关于个人转让上市公司限售股所得征收个人所得税有关问题的通知》(财税〔2009〕167号)规定，为做好限售股转让所得个人所得税的征收管理工作，现将有关事项通知如下： 一、征管操作规定
　　根据证券机构技术和制度准备完成情况，对不同阶段形成的限售股，采取不同的征管办法。
　　（一）证券机构技术和制度准备完成前形成的限售股，其转让所得应缴纳的个人所得税，采取证券机构预扣预缴和纳税人自行申报清算相结合的方式征收。
　　1．证券机构的预扣预缴申报
　　纳税人转让股改限售股的，证券机构按照该股票股改复牌日收盘价计算转让收入，纳税人转让新股限售股的，证券机构按照该股票上市首日收盘价计算转让收入，并按照计算出的转让收入的15%确定限售股原值和合理税费，以转让收入减去原值和合理税费后的余额为应纳税所得额，计算并预扣个人所得税。
　　证券机构应将已扣的个人所得税款，于次月15日内向主管税务机关缴纳，并报送《限售股转让所得扣缴个人所得税报告表》（见附件1）及税务机关要求报送的其他资料。《限售股转让所得扣缴个人所得税报告表》应按每个纳税人区分不同股票分别填写；同一支股票的转让所得，按当月取得的累计发生额填写。
　　2．纳税人的自行申报清算
　　纳税人按照实际转让收入与实际成本计算出的应纳税额，与证券机构预扣预缴税额有差异的，纳税人应自证券机构代扣并解缴税款的次月1日起3个月内，到证券机构所在地主管税务机关提出清算申请，办理清算申报事宜。纳税人在规定期限内未到主管税务机关办理清算事宜的，期限届满后税务机关不再办理。
　　纳税人办理清算时，应按照收入与成本相匹配的原则计算应纳税所得额。即，限售股转让收入必须按照实际转让收入计算，限售股原值按照实际成本计算；如果纳税人未能提供完整、真实的限售股原值凭证，不能正确计算限售股原值的，主管税务机关一律按限售股实际转让收入的15%核定限售股原值及合理税费。
　　纳税人办理清算时，按照当月取得的全部转让所得，填报《限售股转让所得个人所得税清算申报表》（见附件2），并出示个人有效身份证照原件，附送加盖开户证券机构印章的限售股交易明细记录、相关完整真实的财产原值凭证、缴纳税款凭证（《税务代保管资金专用收据》或《税收转账专用完税证》），以及税务机关要求报送的其他资料。
　　限售股交易明细记录应包括：限售股每笔成交日期、成交时间、成交价格、成交数量、成交金额、佣金、印花税、过户费、其他费等信息。
　　纳税人委托中介机构或者他人代为办理纳税申报的，代理人在申报时，除提供上述资料外，还应出示代理人本人的有效身份证照原件，并附送纳税人委托代理申报的授权书。
　　税务机关对纳税人申报的资料审核确认后，按照上述原则重新计算应纳税额，并办理退（补）税手续。重新计算的应纳税额，低于预扣预缴的部分，税务机关应予以退还；高于预扣预缴的部分，纳税人应补缴税款。
　　（二）证券机构技术和制度准备完成后新上市公司的限售股，纳税人在转让时应缴纳的个人所得税，采取证券机构直接代扣代缴的方式征收。
　　证券机构技术和制度准备完成后，证券机构按照限售股的实际转让收入，减去事先植入结算系统的限售股成本原值、转让时发生的合理税费后的余额，计算并直接扣缴个人所得税。
　　证券机构应将每月所扣个人所得税款，于次月15日内缴入国库，并向当地主管税务机关报送《限售股转让所得扣缴个人所得税报告表》及税务机关要求报送的其他资料。……”
　　二、根据《财政部　国家税务总局　证监会关于个人转让上市公司限售股所得征收个人所得税有关问题的通知》（财税〔2009〕167号）第四条规定：“限售股转让所得个人所得税，以限售股持有者为纳税义务人，以个人股东开户的证券机构为扣缴义务人。限售股个人所得税由证券机构所在地主管税务机关负责征收管理。”
?
　　
　　""",http://www.cqsw.gov.cn/cqsswj/hdjl/rdwt/grsds/201807/t20180711_283148.html
个人转让住房时，未能提供完整、准确的房屋原值凭证的，如何计算个人所得税？,发布日期：2018-07-11 15:27:00,"　　答：""一、根据《国家税务总局关于个人住房转让所得征收个人所得税有关问题的通知》（国税发〔2006〕108号）第三条规定：“纳税人未提供完整、准确的房屋原值凭证，不能正确计算房屋原值和应纳税额的，税务机关可根据《中华人民共和国税收征收管理法》第三十五条的规定，对其实行核定征税，即按纳税人住房转让收入的一定比例核定应纳个人所得税额。具体比例由省税务局或者省税务局授权的市税务局根据纳税人出售住房的所处区域、地理位置、建造时间、房屋类型、住房平均价格水平等因素，在住房转让收入1%-3%的幅度内确定。”
　　二、根据《国家税务总局关于个人转让房屋有关税收征管问题的通知》（国税发〔2007〕33号）第四条的规定：“《国家税务总局关于个人住房转让所得征收个人所得税的有关问题的通知》（国税发〔2006〕108号）第三条所称“‘未提供完整、准确的房屋原值凭证’，是指纳税人不能提供房屋购买合同、发票或建造成本、费用支出的有效凭证，或契税征管档案中没有上次交易价格或建造成本、费用支出金额等记录。凡纳税人能提供房屋购买合同、发票或建造成本、费用支出的有效凭证，或契税征管档案中有上次交易价格或建造成本、费用支出金额等记录的，均应按照核实征收方式计征个人所得税。”
?
　　
　　""",http://www.cqsw.gov.cn/cqsswj/hdjl/rdwt/grsds/201807/t20180711_283149.html
个体工商户业主、个人独资企业投资者、合伙企业自然人合伙人和承包承租经营者购买税延养老保险，如何纳税申报？,发布日期：2018-07-09 10:26:00,　　答：根据《国家税务总局关于开展个人税收递延型商业养老保险试点有关征管问题的公告》（国家税务总局公告2018年第21号）的规定，取得个体工商户的生产经营所得、对企事业单位的承包承租经营所得的个体工商户业主、个人独资企业投资者、合伙企业自然人合伙人和承包承租经营者，其购买的符合规定的养老保险产品支出，在年度申报时，凭税延养老扣除凭证，在规定扣除限额内据实扣除，并填报至《个人所得税生产经营所得纳税申报表（B表）》的“允许扣除的其他费用”行（需注明税延养老保险），同时填报《个人税收递延型商业养老保险税前扣除情况明细表》。,http://www.cqsw.gov.cn/cqsswj/hdjl/rdwt/grsds/201807/t20180709_283120.html
跨省异地施工企业支付给工程作业人员的工资、薪金所得应在何处申报？,发布日期：2018-07-09 10:26:00,"　　答："" 根据《国家税务总局关于建筑安装业跨省异地工程作业人员个人所得税征收管理问题的公告》（国家税务总局公告2015年第52号）的规定，总承包企业、分承包企业派驻跨省异地工程项目的管理人员、技术人员和其他工作人员在异地工作期间的工资、薪金所得个人所得税，由总承包企业、分承包企业依法代扣代缴并向工程作业所在地税务机关申报缴纳。
　　总承包企业和分承包企业通过劳务派遣公司聘用劳务人员跨省异地工作期间的工资、薪金所得个人所得税，由劳务派遣公司依法代扣代缴并向工程作业所在地税务机关申报缴纳。""",http://www.cqsw.gov.cn/cqsswj/hdjl/rdwt/grsds/201807/t20180709_283121.html
个人因解除劳动合同取得经济补偿金如何征收个人所得税？,发布日期：2018-05-23 14:59:00,"
　　答：根据《财政部 国家税务总局关于个人与用人单位解除劳动关系取得的一次性补偿收入征免个人所得税问题的通知》（财税〔2001〕157号）规定，个人因与用人单位解除劳动关系而取得的一次性补偿收入（包括用人单位发放的经济补偿金、生活补助费和其他补助费用），其收入在当地上年职工平均工资3倍数额以内的部分，免征个人所得税；超过的部分按照《国家税务总局关于个人因解除劳动合同取得经济补偿金征收个人所得税问题的通知》（国税发〔1999〕178号）的有关规定，计算征收个人所得税。
　　

    
        
            
            
            ?
            
            
        
    

?
",http://www.cqsw.gov.cn/cqsswj/hdjl/rdwt/grsds/201805/t20180523_280385.html
个人房产捐赠给亲属，是否缴纳个人所得税？,发布日期：2018-05-23 14:59:00,　　答：根据《财政部　国家税务总局关于个人无偿受赠房屋有关个人所得税问题的通知》（财税〔2009〕78号）规定，以下情形的房屋产权无偿赠与，对当事双方不征收个人所得税：（一）房屋产权所有人将房屋产权无偿赠与配偶、父母、子女、祖父母、外祖父母、孙子女、外孙子女、兄弟姐妹；（二）房屋产权所有人将房屋产权无偿赠与对其承担直接抚养或者赡养义务的抚养人或者赡养人；（三）房屋产权所有人死亡，依法取得房屋产权的法定继承人、遗嘱继承人或者受遗赠人。,http://www.cqsw.gov.cn/cqsswj/hdjl/rdwt/grsds/201805/t20180523_280386.html
用知识产权投资入股，需要缴纳个人所得税吗？,发布日期：2018-05-23 14:56:00,"
　　答：根据《财政部 国家税务总局关于个人非货币性资产投资有关个人所得税政策的通知》（财税〔2015〕41号）规定：个人以非货币性资产投资，属于个人转让非货币性资产和投资同时发生。对个人转让非货币性资产的所得，应按照“财产转让所得”项目，依法计算缴纳个人所得税。
",http://www.cqsw.gov.cn/cqsswj/hdjl/rdwt/grsds/201805/t20180523_280384.html
个人取得困难补助是否需要缴纳个税？,发布日期：2018-05-23 14:55:00,"
　　答：根据《中华人民共和国个人所得税法》（中华人民共和国主席令第四十八号）第四条第四款规定，福利费、抚恤金、救济金免纳个人所得税。另外，根据《中华人民共和国个人所得税法实施条例》（中华人民共和国国务院令第600号）第十四条规定，税法第四条第四项所说的福利费，是指根据国家有关规定，从企业、事业单位、国家机关、社会团体提留的福利费或者工会经费中支付给个人的生活补助费；所说的救济金，是指各级人民政府民政部门支付给个人的生活困难补助费。同时，根据《国家税务总局关于生活补助费范围确定问题的通知》（国税发〔1998〕155号）第一条规定，上述所称生活补助费，是指由于某些特定事件或原因而给纳税人或其家庭的正常生活造成一定困难，其任职单位按国家规定从提留的福利费或者工会经费中向其支付的临时性生活困难补助。
　　因此，企业向生活困难的员工发放困难补助，符合上述政策规定的，免征个人所得税。
　　

    
        
            
            
            ?
            
            
        
    

?
",http://www.cqsw.gov.cn/cqsswj/hdjl/rdwt/grsds/201805/t20180523_280383.html
哪些纳税人可以享受商业健康保险个人所得税的税收优惠政策？,发布日期：2018-05-23 14:54:00,"
　　答：根据《财政部 国家税务总局 保监会关于将商业健康保险个人所得税试点政策推广到全国范围实施的通知》(财税〔2017〕39号)规定：“　二、关于适用对象　　适用商业健康保险税收优惠政策的纳税人，是指取得工资薪金所得、连续性劳务报酬所得的个人，以及取得个体工商户生产经营所得、对企事业单位的承包承租经营所得的个体工商户业主、个人独资企业投资者、合伙企业合伙人和承包承租经营者。
　　......
　　本通知自2017年7月1日起执行。”
　　根据《国家税务总局关于推广实施商业健康保险个人所得税政策有关征管问题的公告》(国家税务总局公告2017年第17号)规定：“一、取得工资薪金所得、连续性劳务报酬所得的个人，以及取得个体工商户的生产经营所得、对企事业单位的承包承租经营所得的个体工商户业主、个人独资企业投资者、合伙企业个人合伙人和承包承租经营者，对其购买符合规定的商业健康保险产品支出，可按照《通知》规定标准在个人所得税前扣除。
　　二、《通知》所称取得连续性劳务报酬所得，是指个人连续3个月以上(含3个月)为同一单位提供劳务而取得的所得。
　　......
　　七、本公告自2017年7月1日起施行。”
",http://www.cqsw.gov.cn/cqsswj/hdjl/rdwt/grsds/201805/t20180523_280381.html
可以享受个人所得税优惠政策的商业健康保险产品的范围是什么？,发布日期：2018-05-23 14:54:00,"
　　答： 一、根据《财政部 国家税务总局 保监会关于将商业健康保险个人所得税试点政策推广到全国范围实施的通知》(财税〔2017〕39号)规定：“三、关于商业健康保险产品的规范和条件　　符合规定的商业健康保险产品，是指保险公司参照个人税收优惠型健康保险产品指引框架及示范条款(见附件)开发的、符合下列条件的健康保险产品：　　(一)健康保险产品采取具有保障功能并设立有最低保证收益账户的万能险方式，包含医疗保险和个人账户积累两项责任。被保险人个人账户由其所投保的保险公司负责管理维护。　　(二)被保险人为16周岁以上、未满法定退休年龄的纳税人群。保险公司不得因被保险人既往病史拒保，并保证续保。　　(三)医疗保险保障责任范围包括被保险人医保所在地基本医疗保险基金支付范围内的自付费用及部分基本医疗保险基金支付范围外的费用，费用的报销范围、比例和额度由各保险公司根据具体产品特点自行确定。　　(四)同一款健康保险产品，可依据被保险人的不同情况，设置不同的保险金额，具体保险金额下限由保监会规定。　　(五)健康保险产品坚持“保本微利”原则，对医疗保险部分的简单赔付率低于规定比例的，保险公司要将实际赔付率与规定比例之间的差额部分返还到被保险人的个人账户。　　根据目标人群已有保障项目和保障需求的不同，符合规定的健康保险产品共有三类，分别适用于：1.对公费医疗或基本医疗保险报销后个人负担的医疗费用有报销意愿的人群;2.对公费医疗或基本医疗保险报销后个人负担的特定大额医疗费用有报销意愿的人群;3.未参加公费医疗或基本医疗保险，对个人负担的医疗费用有报销意愿的人群。　　符合上述条件的个人税收优惠型健康保险产品，保险公司应按《保险法》规定程序上报保监会审批。
　　......
　　本通知自2017年7月1日起执行。”
　　二、根据《国家税务总局关于推广实施商业健康保险个人所得税政策有关征管问题的公告》(国家税务总局公告2017年第17号)规定：“五、保险公司销售符合规定的商业健康保险产品，及时为购买保险的个人开具发票和保单凭证，并在保单凭证上注明税优识别码。
　　个人购买商业健康保险未获得税优识别码的，其支出金额不得税前扣除。
　　六、本公告所称税优识别码，是指为确保税收优惠商业健康保险保单的唯一性、真实性和有效性，由商业健康保险信息平台按照“一人一单一码”的原则对投保人进行校验后，下发给保险公司，并在保单凭证上打印的数字识别码。
　　七、本公告自2017年7月1日起施行。”
?",http://www.cqsw.gov.cn/cqsswj/hdjl/rdwt/grsds/201805/t20180523_280382.html
利息、股息、红利所得的个人所得税扣缴义务人是如何确定的？,发布日期：2018-05-23 14:53:00,"
　　答：根据《国家税务总局关于印发〈征收个人所得税若干问题的规定〉的通知》（国税发〔1994〕89号）第十八条规定：“利息、股息、红利所得实行源泉扣缴的征收方式，其扣缴义务人应是直接向纳税义务人支付利息、股息、红利的单位。”
",http://www.cqsw.gov.cn/cqsswj/hdjl/rdwt/grsds/201805/t20180523_280380.html
建筑安装业跨省异地工程作业人员个人所得税怎样征收？,发布日期：2018-05-23 14:52:00,"
?
　　答：根据《国家税务总局关于建筑安装业跨省异地工程作业人员个人所得税征收管理问题的公告》(国家税务总局公告2015年第52号)第二条规定：跨省异地施工单位应就其所支付的工程作业人员工资、薪金所得，向工程作业所在地税务机关办理全员全额扣缴明细申报。凡实行全员全额扣缴明细申报的，工程作业所在地税务机关不得核定征收个人所得税。该公告自2015年9月1日起实施。?
",http://www.cqsw.gov.cn/cqsswj/hdjl/rdwt/grsds/201805/t20180523_280378.html
外籍个人有哪些个人所得税税收优惠？,发布日期：2018-05-23 14:52:00,"
　　答：根据《财政部 国家税务总局关于个人所得税若干政策问题的通知》（（1994）财税字第20号）第二条规定：“下列所得，暂免征收个人所得税
　　(一)、外籍个人以非现金形式或实报实销形式取得的住房补贴、伙食补贴、搬迁费、洗衣费。
　　（二)、外籍个人按合理标准取得的境内、外出差补贴。
　　(三)、外籍个人取得的探亲费、语言训练费、子女教育费等，经当地税务机关审核批准为合理的部分。
　　......
　　(八)、外籍个人从外商投资企业取得的股息、红利所得。
　　(九)、凡符合下列条件之一的外籍专家取得的工资、薪金所得可免征个人所得税:
　　1、根据世界银行专项贷款协议由世界银行直接派往我国工作的外国专家；
　　2、联合国组织直接派往我国工作的专家；
　　3、为联合国援助项目来华工作的专家；
　　4、援助国派往我国专为该国无偿援助项目工作的专家；
　　5、根据两国政府签订文化交流项目来华工作两年以内的文教专家，其工资、薪金所得由该国负担的；
　　6、根据我国大专院校国际交流项目来华工作两年以内的文教专家，其工资、薪金所得由该国负担的；
　　7、通过民间科研协定来华工作的专家，其工资、薪金所得由该国政府机构负担的。 ”
",http://www.cqsw.gov.cn/cqsswj/hdjl/rdwt/grsds/201805/t20180523_280379.html
个人保险代理人为保险企业提供保险代理服务，个人所得税由谁缴纳？,发布日期：2018-05-23 14:51:00,"
　　答：根据《国家税务总局关于个人保险代理人税收征管有关问题的公告》(国家税务总局公告2016年第45号)规定：“一、......个人保险代理人为保险企业提供保险代理服务应当缴纳的个人所得税，由保险企业按照现行规定依法代扣代缴。”
?",http://www.cqsw.gov.cn/cqsswj/hdjl/rdwt/grsds/201805/t20180523_280377.html
个人保险代理人为保险企业提供保险代理服务，如何计算个人所得税？,发布日期：2018-05-23 14:50:00,"
　　答：根据《国家税务总局关于个人保险代理人税收征管有关问题的公告》(国家税务总局公告2016年第45号)规定：“二、个人保险代理人以其取得的佣金、奖励和劳务费等相关收入(以下简称“佣金收入”，不含增值税)减去地方税费附加及展业成本，按照规定计算个人所得税。
　　展业成本，为佣金收入减去地方税费附加余额的40%。
　　六、本公告所称个人保险代理人，是指根据保险企业的委托，在保险企业授权范围内代为办理保险业务的自然人，不包括个体工商户。
　　七、证券经纪人、信用卡和旅游等行业的个人代理人比照上述规定执行。信用卡、旅游等行业的个人代理人计算个人所得税时，不执行本公告第二条有关展业成本的规定。
　　个人保险代理人和证券经纪人其他个人所得税问题，按照《国家税务总局关于保险营销员取得佣金收入征免个人所得税问题的通知》(国税函〔2006〕454号)、《国家税务总局关于证券经纪人佣金收入征收个人所得税问题的公告》(国家税务总局公告2012年第45号)执行。”
",http://www.cqsw.gov.cn/cqsswj/hdjl/rdwt/grsds/201805/t20180523_280376.html
个人取得股权转让所得，个人所得税的纳税期限是如何规定的？,发布日期：2018-05-23 14:49:00,"
　　答：根据《国家税务总局关于发布<股权转让所得个人所得税管理办法(试行)>的公告》(国家税务总局公告2014年第67号)第二十条规定，具有下列情形之一的，扣缴义务人、纳税人应当依法在次月15日内向主管税务机关申报纳税：(一)受让方已支付或部分支付股权转让价款的;(二)股权转让协议已签订生效的;(三)受让方已经实际履行股东职责或者享受股东权益的;(四)国家有关部门判决、登记或公告生效的;(五)本办法第三条第四至第七项行为已完成的;(六)税务机关认定的其他有证据表明股权已发生转移的情形。
　　因此，个人股权转让所得有上述情形之一的，应在次月15日内向主管税务机关申报纳税。
",http://www.cqsw.gov.cn/cqsswj/hdjl/rdwt/grsds/201805/t20180523_280374.html
个人保险代理人为保险企业提供保险代理服务应当缴纳的个人所得税，应如何缴纳？,发布日期：2018-05-23 14:49:00,"
　　答：根据《国家税务总局关于个人保险代理人税收征管有关问题的公告》（国家税务总局公告2016年第45号）规定：“ 一、……个人保险代理人为保险企业提供保险代理服务应当缴纳的个人所得税，由保险企业按照现行规定依法代扣代缴。
　　……本公告自发布之日起施行。”
?",http://www.cqsw.gov.cn/cqsswj/hdjl/rdwt/grsds/201805/t20180523_280375.html
股份制企业用资本公积金转增股本是否要缴个人所得税?,发布日期：2018-05-23 14:48:00,"
　　答：一、根据《国家税务总局关于股份制企业转增股本和派发红股征免个人所得税的通知》（国税发〔1997〕198号）第一条规定：“股份制企业用资本公积金转增股本不属于股息、红利性质的分配，对个人取得的转增股本数额，不作为个人所得，不征收个人所得税。”
　　二、根据《国家税务总局关于原城市信用社在转制为城市合作银行过程中个人股增值所得应纳个人所得税的批复》（国税函〔1998〕289号）第二条规定：“《国家税务总局关于股份制企业转增股本和派发红股征免个人所得税的通知》（国税发〔1997〕198号）中所表述的“资本公积金”是指股份制企业股票溢价发行收入所形成的资本公积金。将此转增股本由个人取得的数额，不作为应税所得征收个人所得税。而与此不相符合的其他资本公积金分配个人所得部分，应当依法征收个人所得税。”
",http://www.cqsw.gov.cn/cqsswj/hdjl/rdwt/grsds/201805/t20180523_280373.html
个人所得税代扣代缴手续费的支付比例是什么？,发布日期：2018-05-23 14:47:00,"
　　答：根据《关于修改《中华人民共和国个人所得税法》的决定》（中华人民共和国主席令第四十八号）第十一条规定：“对扣缴义务人按照所扣缴的税款，付给百分之二的手续费。”
　　?

    
        
            
            ?
            
        
    

?
",http://www.cqsw.gov.cn/cqsswj/hdjl/rdwt/grsds/201805/t20180523_280372.html
内地和香港特别行政区在关于独立个人劳务个人所得税方面的具体处理有哪些？,发布日期：2018-05-23 14:45:00,"
　　答：根据《国家税务总局关于<内地和香港特别行政区关于对所得避免双重征税和防止偷漏税的安排>有关条文解释和执行问题的通知》(国税函〔2007〕403号)第九条规定：“关于独立个人劳务活动
　　《安排》第三条对‘企业’的定义包括了法人实体和个人，对‘经营’的定义包括了法人实体和个人的经营活动。因此，《安排》中不再单列独立个人劳务条款。对独立个人劳务活动，可根据常设机构条款规定判定纳税义务。如香港居民以独立个人身份在内地从事经营活动，按常设机构条款规定符合构成常设机构标准的，对该香港居民以独立个人身份在内地取得的所得按个人所得税法有关规定处理。”
",http://www.cqsw.gov.cn/cqsswj/hdjl/rdwt/grsds/201805/t20180523_280370.html
纳税人在办理个人无偿赠与或受赠不动产免征个人所得税手续时应提交什么资料,发布日期：2018-05-23 14:45:00,"
　　答：一、根据《国家税务总局关于进一步简化和规范个人无偿赠与或受赠不动产免征营业税、个人所得税所需证明资料的公告》(国家税务总局公告2015年第75号)第一条规定：纳税人在办理个人无偿赠与或受赠不动产免征营业税、个人所得税手续时，应报送《个人无偿赠与不动产登记表》、双方当事人的身份证明原件及复印件(继承或接受遗赠的，只须提供继承人或接受遗赠人的身份证明原件及复印件)、房屋所有权证原件及复印件。属于以下四类情形之一的，还应分别提交相应证明资料：
　　(一)离婚分割财产的，应当提交：
　　1.离婚协议或者人民法院判决书或者人民法院调解书的原件及复印件;
　　2.离婚证原件及复印件。
　　(二)亲属之间无偿赠与的，应当提交：
　　1.无偿赠与配偶的，提交结婚证原件及复印件;
　　2.无偿赠与父母、子女、祖父母、外祖父母、孙子女、外孙子女、兄弟姐妹的，提交户口簿或者出生证明或者人民法院判决书或者人民法院调解书或者其他部门(有资质的机构)出具的能够证明双方亲属关系的证明资料原件及复印件。
　　(三)无偿赠与非亲属抚养或赡养关系人的，应当提交：
　　人民法院判决书或者人民法院调解书或者乡镇政府或街道办事处出具的抚养(赡养)关系证明或者其他部门(有资质的机构)出具的能够证明双方抚养(赡养)关系的证明资料原件及复印件。
　　(四)继承或接受遗赠的，应当提交：
　　1.房屋产权所有人死亡证明原件及复印件;
　　2.经公证的能够证明有权继承或接受遗赠的证明资料原件及复印件。
　　二、根据《国家税务总局关于土地价款扣除时间等增值税征管问题的公告》（国家税务总局公告2016年第86号第六条规定：纳税人办理无偿赠与或受赠不动产免征增值税的手续，按照《国家税务总局关于进一步简化和规范个人无偿赠与或受赠不动产免征营业税、个人所得税所需证明资料的公告》(国家税务总局公告2015年第75号，以下称《公告》)的规定执行。《公告》第一条第(四)项第2目“经公证的能够证明有权继承或接受遗赠的证明资料原件及复印件”，修改为“有权继承或接受遗赠的证明资料原件及复印件”。
?",http://www.cqsw.gov.cn/cqsswj/hdjl/rdwt/grsds/201805/t20180523_280371.html
境外团体或个人以个人名义在中国境内从事文艺和体育演出如何缴纳个人所得税？,发布日期：2018-05-23 14:44:00,"
?
　　答：一、根据《国家税务总局关于境外团体或个人在我国从事文艺及体育演出有关税收问题的通知》（国税发〔1994〕106号）文件规定：
　　“二、对外国或港、澳、台地区演员、运动员以个人名义在我国（大陆）从事演出、表演所取得的收入，……，依照个人所得税法的有关规定，按劳务报酬所得征收个人所得税。”
　　
　　“第三条
　　……
　　
　　二、根据《关于修改《中华人民共和国个人所得税法》的决定》（中华人民共和国主席令第四十八号）规定：个人所得税的税率： 四、劳务报酬所得，适用比例税率，税率为百分之二十。对劳务报酬所得一次收入畸高的，可以实行加成征收，具体办法由国务院规定。”
",http://www.cqsw.gov.cn/cqsswj/hdjl/rdwt/grsds/201805/t20180523_280369.html
,,,
