title,desc,content,url
关于契税的征税政策,问：（一）对个人购买家庭唯一住房（家庭成员范围包括购房人、配偶以及未成年子女，下同），面积为90平方米及以下的，减按1％的税率征收契税；面积为90平方米以上的，减按1.5％的税率征收契税。 　　（二）对个人购买家庭第二套改善性住房，面积为90平方米及以下的，减按1％的税率征收契税；面积为90平方米以上的，减按2％的税率征收契税。 　　家庭第二套改善性住房是指已拥有一套住房的家庭，购买的家庭第二套住房。 陕西执行上面的契税政策吗？,答：您好！您提交的问题已收悉，现针对您所提供的信息回复如下：      按照《财政部 国家税务总局 住房城乡建设部关于调整房地产交易环节契税 营业税优惠政策的通知》（财税〔2016〕23号）文件第一条契税政策规定执行：（一）对个人购买家庭唯一住房（家庭成员范围包括购房人、配偶以及未成年子女，下同），面积为90平方米及以下的，减按1%的税率征收契税；面积为90平方米以上的，减按1.5%的税率征收契税。（二）对个人购买家庭第二套改善性住房，面积为90平方米及以下的，减按1%的税率征收契税；面积为90平方米以上的，减按2%的税率征收契税。 家庭第二套改善性住房是指已拥有一套住房的家庭，购买的家庭第二套住房。      感谢您的咨询！上述回复仅供参考，若您对此仍有疑问，请联系12366热线或您的主管税务机关进行咨询。  ,http://www.sn-n-tax.gov.cn/portal/jsp/portal/interaction/zxzx/zxzx_result.jsp?siteCategoryCode=003001007&styleName=blue&contentId=LU6HN76CD6HQYU7MTGCXD5X23CWBEKRM
房租发票能否开具专票,问：房屋租赁发票什么情况可以开具专票，什么情况不能开具专票,答：您好！您提交的问题已收悉，现针对您所提供的信息回复如下：      根据《国家税务总局关于营业税改征增值税委托地税局代征税款和代开增值税发票的通知》（税总函〔2016〕145号）第四条发票开具的规定，增值税小规模纳税人销售其取得的不动产以及其他个人出租不动产，购买方或承租方不属于其他个人的，纳税人缴纳增值税后可以向地税局申请代开增值税专用发票。不能自开增值税普通发票的小规模纳税人销售其取得的不动产，以及其他个人出租不动产，可以向地税局申请代开增值税普通发票。      根据《国家税务总局关于全面推开营业税改征增值税试点有关税收征收管理事项的公告》（国家税务总局公告2016年第23号）第六条其他纳税事项中第（四）项规定，其他个人采取预收款形式出租不动产，取得的预收租金收入，可在预收款对应的租赁期内平均分摊，分摊后的月租金收入不超过3万元的，可享受小微企业免征增值税优惠政策。根据《国家税务总局关于营改增试点若干征管问题的公告》（国家税务总局公告 2016年第53号）第二条规定，其他个人采取一次性收取租金的形式出租不动产，取得的租金收入可在租金对应的租赁期内平均分摊，分摊后的月租金收入不超过3万元的，可享受小微企业免征增值税优惠政策。以上两种情况享受增值税免征的，也不得开具增值税专用发票。      感谢您的咨询！上述回复仅供参考，若您对此仍有疑问，请联系12366热线或您的主管税务机关进行咨询。  ,http://www.sn-n-tax.gov.cn/portal/jsp/portal/interaction/zxzx/zxzx_result.jsp?siteCategoryCode=003001007&styleName=blue&contentId=K6DDTN15LAEBEEOUTINDM64G3SLV1GI9
关于自建固定资产能否按照财税〔2018〕54号）规定执行,问：按照《关于设备 器具扣除有关企业所得税政策的通知》（财税〔2018〕54号）规定，业在2018年1月1日至2020年12月31日期间新购进的设备、器具，单位价值不超过500万元的，允许一次性计入当期成本费用在计算应纳税所得额时扣除。 请问，企业自行建造的固定资产能否按照该文件执行，如果可以，由于资产建造时间存在跨度，对2018年前已开始建造、2018年1月1日后竣工结算的固定资产，如何扣除。,答：您好！您提交的问题已收悉，现针对您所提供的信息回复如下：      根据《财政部 税务总局关于设备 器具扣除有关企业所得税政策的通知》财税〔2018〕54号 文件第二条的规定，本通知所称设备、器具，是指除房屋、建筑物以外的固定资产。               因此，您企业自行建造的固定资产如属于上述文件中规定的情形，是不能进行扣除。      感谢您的咨询！上述回复仅供参考，若您对此仍有疑问，请联系12366热线或您的主管税务机关进行咨询。  ,http://www.sn-n-tax.gov.cn/portal/jsp/portal/interaction/zxzx/zxzx_result.jsp?siteCategoryCode=003001007&styleName=blue&contentId=UTI2EU2JNZE8CH13HT9MN06D8FFR4NF
关于自建固定资产能否按照》（财税〔2018〕54号）规定超过500万一次进入当期费用,问：按照《关于设备 器具扣除有关企业所得税政策的通知》（财税〔2018〕54号）规定，业在2018年1月1日至2020年12月31日期间新购进的设备、器具，单位价值不超过500万元的，允许一次性计入当期成本费用在计算应纳税所得额时扣除。 请问，企业自行建造的固定资产能否按照该文件执行，如果可以，由于资产建造时间存在跨度，对2018年前已开始建造、2018年1月1日后竣工结算的固定资产，如何扣除。,答：您好！您提交的问题已收悉，现针对您所提供的信息回复如下：      根据《财政部 税务总局关于设备 器具扣除有关企业所得税政策的通知》财税〔2018〕54号 文件第二条的规定，本通知所称设备、器具，是指除房屋、建筑物以外的固定资产。               因此，您企业自行建造的固定资产如属于上述文件中规定的情形，是不能进行扣除。      感谢您的咨询！上述回复仅供参考，若您对此仍有疑问，请联系12366热线或您的主管税务机关进行咨询。  ,http://www.sn-n-tax.gov.cn/portal/jsp/portal/interaction/zxzx/zxzx_result.jsp?siteCategoryCode=003001007&styleName=blue&contentId=Q37VEA6ZOS2G5FENMKMJFW85UT77YC2E
注销公司需要的表格在哪可以下载,问：注销公司需要的表格在哪可以下载,答：您好！您提交的问题已收悉，现针对您所提供的信息回复如下：      官方网站暂未有下载途径，建议在税务机关办税服务厅领取。      感谢您的咨询！上述回复仅供参考，若您对此仍有疑问，请联系12366热线或您的主管税务机关进行咨询。  ,http://www.sn-n-tax.gov.cn/portal/jsp/portal/interaction/zxzx/zxzx_result.jsp?siteCategoryCode=003001007&styleName=blue&contentId=9WHNRJAPD2CZF5HHTT0UG76B5T82QTQV
新设公司税务备案,问：你好！我想问下五证合一后新成立的公司要在拿到营业执照多久之内办理税务备案，没有在那个期间内备案会对公司有什么影响，会有处罚吗？ 税务备案需要准备什么资料，没有开立基本户之前可以进行税务备案吗，烦请告知，谢谢！,答：您好！您提交的问题已收悉，现针对您所提供的信息回复如下：     实行“三证合一、一照一码”登记的纳税人办理涉税事宜时，在完成补充信息采集后，凭加载统一代码的营业执照可代替税务登记证使用，无时间限制。     需要携带的资料：(1)加载统一社会信用代码的营业执照。  　　               (2)经办人身份证明。      暂未有相关规定，未开立基本户不可以进行备案。     感谢您的咨询！上述回复仅供参考，若您对此仍有疑问，请联系12366热线或您的主管税务机关咨询。   ,http://www.sn-n-tax.gov.cn/portal/jsp/portal/interaction/zxzx/zxzx_result.jsp?siteCategoryCode=003001007&styleName=blue&contentId=MELRDXQIHOC30OO69XQ8XNSLSB6L6KC8
差旅费问题,问：你好：请问陕西省对出差补贴、津贴有何具体标准。,答：您好！您提交的问题已收悉，现针对您所提供的信息回复如下：    根据《财政部 国家税务总局关于误餐补助范围确定问题的通知》(财税【1995】82号)规定：“根据《国家税务总局关于印发＜征收个人所得税若干问题的规定＞的通知》（国税发〔1994〕89）号规定不征税的误餐补助，是指按财政部门规定，个人因公在城区、郊区工作，不能在工作单位或返回就餐，确实需要在外就餐的，根据实际误餐顿数，按规定的标准领取的误餐费。 单位根据职工实际出差天数，按照国家财政部门规定的标准凭据报销的差旅费津贴不征收个人所得税。单位以误餐补助、差旅费津贴名义发给职工的补贴、津贴，应当并入当月工资薪金计征个人所得税。” 陕西省暂未有相关文件规定具体扣除标准。    感谢您的咨询！上述回复仅供参考，若您对此仍有疑问，请联系12366热线或您的主管税务机关咨询。  ,http://www.sn-n-tax.gov.cn/portal/jsp/portal/interaction/zxzx/zxzx_result.jsp?siteCategoryCode=003001007&styleName=blue&contentId=5B2FFIVIFR2PCOFBG1M8IWH7C0AP1FS3
单用途卡的问题,问：你好： 收到单用途预付卡发票是否可在所得税前扣除，如果不能税前扣除，那会计怎么账务处理，什么时候可以抵扣所得税。,答：您好！您提交的问题已收悉，现针对您所提供的信息回复如下：      根据《中华人民共和国企业所得税法》（中华人民共和国主席令第63号）文件规定：“第八条 企业实际发生的与取得收入有关的、合理的支出，包括成本、费用、税金、损失和其他支出，准予在计算应纳税所得额时扣除。”  另根据《中华人民共和国企业所得税法实施条例》（中华人民共和国国务院令第512号）规定：“第二十七条 企业所得税法第八条所称有关的支出，是指与取得收入直接相关的支出。  　　企业所得税法第八条所称合理的支出，是指符合生产经营活动常规，应当计入当期损益或者有关资产成本的必要和正常的支出。      第二十九条 企业所得税法第八条所称成本，是指企业在生产经营活动中发生的销售成本、销货成本、业务支出以及其他耗费。  　　第三十条 企业所得税法第八条所称费用，是指企业在生产经营活动中发生的销售费用、管理费用和财务费用，已经计入成本的有关费用除外。”      感谢您的咨询！上述回复仅供参考，若您对此仍有疑问，请联系12366热线或您的主管税务机关进行咨询。   ,http://www.sn-n-tax.gov.cn/portal/jsp/portal/interaction/zxzx/zxzx_result.jsp?siteCategoryCode=003001007&styleName=blue&contentId=95ZNCYER222CRF90G0FSKD1VSN1CRT9Z
公司负责人、财务负责人微信公众号平台实名认证,问：非常感谢咱税局推出的这个平台，方便了纳税人。我想咨询一下，如果我们在微信公众平台实名认证后，我们是不是不用在到大厅认证了？这样我们会很感谢咱税局。,答：您好！您提交的问题已收悉，现针对您所提供的信息回复如下：          经与技术部门确认，已微信实名认证成功的无需到办税服务厅再次进行认证。     感谢您的咨询！上述回复仅供参考，若您对此仍有疑问，请联系12366热线或您的主管税务机关进行咨询。  ,http://www.sn-n-tax.gov.cn/portal/jsp/portal/interaction/zxzx/zxzx_result.jsp?siteCategoryCode=003001007&styleName=blue&contentId=8KDCN688DOCJDJL72ACTJ80LD8GWGJE0
跨境到陕西从事经营活动怎么缴纳税款,问：我公司2018年2月跨省到陕西省有色榆林新材料有限责任公司从事了一施工项目，请问我应怎么办理纳税，有些什么样的缴税流程，申报缴税流程的先后事项有那些要求，怎么样的办税顺序流程才能让我省心快捷。谢谢回复。,答：您好！您提交的问题已收悉，现针对您所提供的信息回复如下：      根据《国家税务总局关于创新跨区域涉税事项报验管理制度的通知》（税总发〔2017〕103号）文件 第一条(二)款规定，纳税人跨区域经营前不再开具相关证明，改为填报《跨区域涉税事项报告表》。纳税人跨省(自治区、直辖市和计划单列市)临时从事生产经营活动的，不再开具《外出经营活动税收管理证明》，改向机构所在地的国税机关填报《跨区域涉税事项报告表》(附件1)。纳税人在省(自治区、直辖市和计划单列市)内跨县(市)临时从事生产经营活动的，是否实施跨区域涉税事项报验管理由各省(自治区、直辖市和计划单列市)税务机关自行确定。      二、跨区域涉税事项报告、报验及反馈      (一)《跨区域涉税事项报告表》填报  具备网上办税条件的，纳税人可通过网上办税系统，自主填报《跨区域涉税事项报告表》。  不具备网上办税条件的，纳税人向主管税务机关(办税服务厅)填报《跨区域涉税事项报告表》，并出示加载统一社会信用代码的营业执照副本(未换照的出示税务登记证副本)，或加盖纳税人公章的副本复印件(以下统称“税务登记证件”);已实行实名办税的纳税人只需填报《跨区域涉税事项报告表》。      (二)跨区域涉税事项报验  跨区域涉税事项由纳税人首次在经营地办理涉税事宜时，向经营地的国税机关报验。纳税人报验跨区域涉税事项时，应当出示税务登记证件。      感谢您的咨询！上述回复仅供参考，若您对此仍有疑问，请联系12366热线或您的主管税务机关咨询。    ,http://www.sn-n-tax.gov.cn/portal/jsp/portal/interaction/zxzx/zxzx_result.jsp?siteCategoryCode=003001007&styleName=blue&contentId=7FRGH5KJBQ1PATG8PMBT80P6S8VLEO56
财务高凤险如何解除,问：身份证被多家企业注册成财务负责人，该企业已成高风险，无法取得联系，财务负责人如何解除高风险。,答：您好！您提交的问题已收悉，现针对您所提供的信息回复如下：      个人需要解除财务负责人信息，请与企业所在地的主管税务机关进行联系处理。      感谢您的咨询！上述回复仅供参考，若您对此仍有疑问，请联系12366热线或您的主管税务机关咨询。  ,http://www.sn-n-tax.gov.cn/portal/jsp/portal/interaction/zxzx/zxzx_result.jsp?siteCategoryCode=003001007&styleName=blue&contentId=L2N2MOPMTE67NU5S9VVIZJHW6JJD6MA3
就是你们不是弄了那个支付宝和微信可以彩票参与发票抽奖的事情,问：抽奖后的二次抽奖怎么举办呢？怎么才能知道中奖了呢？,答：第二次开奖全年不超过4 次。开奖结果除现场公证、现场公布外，购方可通过陕西省国家税务局官方网站、支付宝 或官方微信公众号查询第二次开奖结果。  ,http://www.sn-n-tax.gov.cn/portal/jsp/portal/interaction/zxzx/zxzx_result.jsp?siteCategoryCode=003001007&styleName=blue&contentId=FDLPYKJENQ49T2EVHNBQNH5OQOG2WQOZ
请问下企业上报了12月20号开的发票，多久后可以在网上查询发票真伪。,问：请问下企业上报了12月20号开的发票，多久后可以在网上查询发票真伪。,答：您好！您提交的问题已收悉，现针对您所提供的信息回复如下：发票开具24小时以后可以在增值税发票查验平台查询。 感谢您的咨询！上述回复仅供参考，若您对此仍有疑问，请联系12366热线或您的主管税务机关咨询。,http://www.sn-n-tax.gov.cn/portal/jsp/portal/interaction/zxzx/zxzx_result.jsp?siteCategoryCode=003001007&styleName=blue&contentId=I9N34WZFWVJVUROG8RZFPC04MBYDY3QL
三证合一备案所需资料,"问：沣东新城国税,三证合一备案都需要带什么资料?必须是采集过信息的人才能去还是公司其他人也可以?",答：    您好！您提交的问题已收悉，现针对您所提供的信息回复如下：     实行“三证合一、一照一码”登记的纳税人办理涉税事宜时，在完成补充信息采集后，凭加载统一代码的营业执照可代替税务登记证使用。补充信息采集应提供资料: 　　(1)加载统一社会信用代码的营业执照。  　　(2)经办人身份证明。     单位名称 沣东分局办税服务厅      单位地址 西咸新区沣东新城城市广场      联系电话 029-89500137      感谢您的咨询！上述回复仅供参考，若您对此仍有疑问，请联系12366热线或您的主管税务机关咨询。  ,http://www.sn-n-tax.gov.cn/portal/jsp/portal/interaction/zxzx/zxzx_result.jsp?siteCategoryCode=003001007&styleName=blue&contentId=K2JAO81L7YEJJL3WDVA6JXSE9T2HIIY3
test,问：＇!!!/》<；>；--（/1/）<；/>；《,答：无效,http://www.sn-n-tax.gov.cn/portal/jsp/portal/interaction/zxzx/zxzx_result.jsp?siteCategoryCode=003001007&styleName=blue&contentId=F0RUNZ59LEXTDCXSNP7ZX83AT70Q0GCO
alter1111111111111111111111111111111111111,问：1111111111111111111111111111111111111111111111111111111111111111111111111111111111111111111111111111111111111111111111111111111111111111111111111111111111111111111111111111111111111111111111111111111111111111111111111111111111111111111111111111111111111111111111111111111111111111111111111111111111111111111111111111111111111111111111111111111111111111111111111111111111111111111111111111111111111111111111111111111111111111111111111111111111111111111111111111111111111111111111111111111111111111111111111111111111111111111111111111111111111111111111111111111111111111111111111111111111111111111111111111111111111111111111111111111111111111111111111111111111111111111111111111111111111111111111111111111111111111111111111111111111111111111111111111111111111111111111111111111111111111111111111111111111111111111111111111111111111111111111111111111111111111111111111111111111111111111111111111111111111111111111111111111111111111111111111111111111111111111111111111111111111111111111111111111111111111,答：无效,http://www.sn-n-tax.gov.cn/portal/jsp/portal/interaction/zxzx/zxzx_result.jsp?siteCategoryCode=003001007&styleName=blue&contentId=F1HVDNNQGOFNLQER6T0MIB0GU40YJQX9
alter111111111111111《/ 》1111111111111111111111344444444444444444444444444455555555555555555,问：666666666666666666661111111111111111111111111111111111111111111111111111111111111111111111111111111111111111111111111111111111111111111111111111111111111111111111111111111111111111111111111111111111111111111111111111111111111111111111111111111111111111111111111111111111111111111111111111111111111111111111111111111111111111111111111111111111111111111111111111111111111111111111111111111111111111111111111111111111111111111111111111111111111111111111111111111111111111111111111111111111111111111111111111111111111111111111111111111111111111111111111111111111111111111111111111111111111111111111111111111111111111111111111111111111111111111111111111111111111111111111111111111111111111111111111111111111111111111111111111111111111111111111111111111111111111111111111111111111111111111111111111111111111111111111111111111111111111111111111111111111111111111111111111111111111111111111111111111111111111111111111111111111111111111111111111111111111111111111111111111111111111111111111111111111111111111111111111111111111111,答：无效。,http://www.sn-n-tax.gov.cn/portal/jsp/portal/interaction/zxzx/zxzx_result.jsp?siteCategoryCode=003001007&styleName=blue&contentId=18DD7NLLMRPMT8X0G7YVZC3H5XLY8VGK
alter1111111111111111111111111111111111111344444444444444444444444444455555555555555555,问：666666666666666666661111111111111111111111111111111111111111111111111111111111111111111111111111111111111111111111111111111111111111111111111111111111111111111111111111111111111111111111111111111111111111111111111111111111111111111111111111111111111111111111111111111111111111111111111111111111111111111111111111111111111111111111111111111111111111111111111111111111111111111111111111111111111111111111111111111111111111111111111111111111111111111111111111111111111111111111111111111111111111111111111111111111111111111111111111111111111111111111111111111111111111111111111111111111111111111111111111111111111111111111111111111111111111111111111111111111111111111111111111111111111111111111111111111111111111111111111111111111111111111111111111111111111111111111111111111111111111111111111111111111111111111111111111111111111111111111111111111111111111111111111111111111111111111111111111111111111111111111111111111111111111111111111111111111111111111111111111111111111111111111111111111111111111111111111111111111111111,答：无效。  ,http://www.sn-n-tax.gov.cn/portal/jsp/portal/interaction/zxzx/zxzx_result.jsp?siteCategoryCode=003001007&styleName=blue&contentId=I37MHEBTSG3JX39N88MAYB4CAALA10CY
alter1111111111111111111111111111111111111344444444444444444444444444455555555555555555,问：1111111111111111111111111111111111111111111111111111111111111111111111111111111111111111111111111111111111111111111111111111111111111111111111111111111111111111111111111111111111111111111111111111111111111111111111111111111111111111111111111111111111111111111111111111111111111111111111111111111111111111111111111111111111111111111111111111111111111111111111111111111111111111111111111111111111111111111111111111111111111111111111111111111111111111111111111111111111111111111111111111111111111111111111111111111111111111111111111111111111111111111111111111111111111111111111111111111111111111111111111111111111111111111111111111111111111111111111111111111111111111111111111111111111111111111111111111111111111111111111111111111111111111111111111111111111111111111111111111111111111111111111111111111111111111111111111111111111111111111111111111111111111111111111111111111111111111111111111111111111111111111111111111111111111111111111111111111111111111111111111111111111111111111111111111111111111111,答：无效。  ,http://www.sn-n-tax.gov.cn/portal/jsp/portal/interaction/zxzx/zxzx_result.jsp?siteCategoryCode=003001007&styleName=blue&contentId=MAIWNOWXBL7INGDFBN8TFMBSU59JTG08
alter11111111111111111111111111111111111113444444444444444444444444444,问：1111111111111111111111111111111111111111111111111111111111111111111111111111111111111111111111111111111111111111111111111111111111111111111111111111111111111111111111111111111111111111111111111111111111111111111111111111111111111111111111111111111111111111111111111111111111111111111111111111111111111111111111111111111111111111111111111111111111111111111111111111111111111111111111111111111111111111111111111111111111111111111111111111111111111111111111111111111111111111111111111111111111111111111111111111111111111111111111111111111111111111111111111111111111111111111111111111111111111111111111111111111111111111111111111111111111111111111111111111111111111111111111111111111111111111111111111111111111111111111111111111111111111111111111111111111111111111111111111111111111111111111111111111111111111111111111111111111111111111111111111111111111111111111111111111111111111111111111111111111111111111111111111111111111111111111111111111111111111111111111111111111111111111111111111111111111111111,答：无效。  ,http://www.sn-n-tax.gov.cn/portal/jsp/portal/interaction/zxzx/zxzx_result.jsp?siteCategoryCode=003001007&styleName=blue&contentId=Q636TCPOO9A0M0NS1MYOPQ0PB5OLS7N1
个人所得税比例陕西省,问：个人所得税比例陕西省,答：您好！您提交的问题已收悉，现针对您所提供的信息回复如下：     因您咨询的问题较笼统，请留下详细信息或拨打12366热线咨询。   感谢您的咨询！上述回复仅供参考，若您对此仍有疑问，请联系12366热线或您的主管税务机关咨询。  ,http://www.sn-n-tax.gov.cn/portal/jsp/portal/interaction/zxzx/zxzx_result.jsp?siteCategoryCode=003001007&styleName=blue&contentId=NPXZNJG6CG9FT3IEKLN4RBKAS3KDNFWL
个人所得税比例陕西省个人所得税比例陕西省    个人所得税比例陕西省,问：个人所得税比例陕西省,答：您好！您提交的问题已收悉，现针对您所提供的信息回复如下：     因您咨询的问题较笼统，请留下详细信息或拨打12366热线咨询。   感谢您的咨询！上述回复仅供参考，若您对此仍有疑问，请联系12366热线或您的主管税务机关咨询。  ,http://www.sn-n-tax.gov.cn/portal/jsp/portal/interaction/zxzx/zxzx_result.jsp?siteCategoryCode=003001007&styleName=blue&contentId=LR6ZVHYVBGVHCB2P09AAVKBM54I1EFEN
个人所得税比例陕西省,问：个人所得税比例陕西省,答：您好！您提交的问题已收悉，现针对您所提供的信息回复如下：     因您咨询的问题较笼统，请留下详细信息或拨打12366热线咨询。  感谢您的咨询！上述回复仅供参考，若您对此仍有疑问，请联系12366热线或您的主管税务机关咨询。  ,http://www.sn-n-tax.gov.cn/portal/jsp/portal/interaction/zxzx/zxzx_result.jsp?siteCategoryCode=003001007&styleName=blue&contentId=36FHJN6KKAHWBAGG81HOABHY6SFHA1T6
个人所得税比例陕西省,问：个人所得税比例陕西省,答： 您好！您提交的问题已收悉，现针对您所提供的信息回复如下：      因您咨询的问题较笼统，请留下详细信息或拨打12366热线咨询。      感谢您的咨询！上述回复仅供参考，若您对此仍有疑问，请联系12366热线或您的主管税务机关咨询。  ,http://www.sn-n-tax.gov.cn/portal/jsp/portal/interaction/zxzx/zxzx_result.jsp?siteCategoryCode=003001007&styleName=blue&contentId=3574932BF760ZQ1KBOM1KAV2BRE3F56Q
物业公司水电费等问题,问：麻烦问下小规模物业公司收取的电梯费、垃圾费，还有代收代付的水电费到底怎么进行账务处理？按收入处理还是代收代付？税率又是多少？一次性收取全年的物业费，只要不是一次性开票，按月分摊开票的话，缴纳增值税的时候是不是也是按月分摊的比例缴纳的？,答：您好！您提交的问题已收悉，现针对您所提供的信息回复如下： 很抱歉，账务问题不属于12366受理咨询范围；关于税率问题，电梯使用费、装修垃圾清运费属于“现代服务—商务辅助服务—企业管理服务—物业管理”，税率6%。城市生活垃圾处置费属于行政事业性收费的不征税，否则按照物业管理服务一并征收。根据《国家税务总局关于物业管理服务中收取的自来水水费增值税问题的公告》（国家税务总局公告2016年第54号） 提供物业管理服务的纳税人，向服务接受方收取的自来水水费，以扣除其对外支付的自来水水费后的余额为销售额，按照简易计税方法依3%的征收率计算缴纳增值税。销售电，税率17%。根据《财政部 国家税务总局关于全面推开营业税改征增值税试点的通知》（财税〔2016〕36号 ）第四十五条 增值税纳税义务、扣缴义务发生时间为：（一）纳税人发生应税行为并收讫销售款项或者取得索取销售款项凭据的当天；先开具发票的，为开具发票的当天。感谢您的咨询！上述回复仅供参考，若您对此仍有疑问，请联系12366热线或您的主管税务机关咨询。 ,http://www.sn-n-tax.gov.cn/portal/jsp/portal/interaction/zxzx/zxzx_result.jsp?siteCategoryCode=003001007&styleName=blue&contentId=JPQSCI0VK6LQY51AM0M1MSA7TXFX18N6
陕西省国家税务局电子税务局网站增值税普票代开无法使用,问：在陕西省国家税务局电子税务局网站上使用增值税普票代开功能，最后一步总是提示：保存失败，传入的纳税人识别号码不得为空,答：您好！您提交的问题已收悉，现针对您所提供的信息回复如下： 如果无法提交，可联系电子税务局客服：4007151555或029-95113。或大厅现场填写代开增值税发票缴纳税款申报单。感谢您的咨询！上述回复仅供参考，若您对此仍有疑问，请联系12366热线或您的主管税务机关咨询。,http://www.sn-n-tax.gov.cn/portal/jsp/portal/interaction/zxzx/zxzx_result.jsp?siteCategoryCode=003001007&styleName=blue&contentId=C197TIOFP73Z99NMYIMLMQZ5G824MV1D
关于公司+!!!农户的模式销售农产品增值税、所得税备案免税的问题,问：陕西省国家税务局： 我公司是宝鸡新希望农牧有限公司，注册税号9161032405042424XJ。位于宝鸡市扶风县。成立于2012年7月，主营业务为饲料生产销售，生猪养殖销售。 公司于2017年1月开展生猪养殖业务。采取公司+!!!农户形式，由公司租赁猪场或农民自己提供猪场，与农民签订委托养殖协议。公司提公司猪苗、饲料、兽药等。猪的产权归公司，但猪场、人员都不属于公司。养成后销售，根据国税总局2013年8号公告。属于农业生产者销售自产农产品，根据规定免征增值税。 由于公司租赁的猪场刚刚跨县，我们在扶风县办理增值税免税备案的过程中。税务局认为是属地管理 ，让我们必须成立分支机构，然后在当地县办理税务免税备案。 由于我公司后期业务，可能在陕西省内很多县都进行公司+!!!农户的放养业务。这样实际操作不太现实，不可能每个县都成立分支机构。我们了解到同行在其他省市进行该业务时，税务局也提到这个属地管理 。但是只要解释是公司+农户的模式。就给予了免税备案。 想咨询一下，这个业务到底该怎么处理。谢谢。,答：您好！您提交的问题已收悉，现针对您所提供的信息回复如下：您的问题已经作为咨询工单流转给相关部门，业务工单编号02043228，您可以拨打12366查询流转情况。   感谢您的咨询！上述回复仅供参考，若您对此仍有疑问，请联系12366 热线或您的主管税务机关咨询。  ,http://www.sn-n-tax.gov.cn/portal/jsp/portal/interaction/zxzx/zxzx_result.jsp?siteCategoryCode=003001007&styleName=blue&contentId=KN2UOHX5QW9MIH1SJAE5J9C8W8H4U6LN
变更发票领购人,问：好，麻烦问下变更发票领购人时说要出具公司的证明，请问这个证明税务局有固定格式或者表格吗？还是说公司自己出个证明盖上公章就可以了呢？麻烦解答下，谢谢了。,答：您好！您提交的问题已收悉，现针对您所提供的信息回复如下：暂无此类证明的固定格式或表格。 感谢您的咨询！上述回复仅供参考，若您对此仍有疑问，请联系12366热线或您的主管税务机关咨询。,http://www.sn-n-tax.gov.cn/portal/jsp/portal/interaction/zxzx/zxzx_result.jsp?siteCategoryCode=003001007&styleName=blue&contentId=OQPRUOR2OGB81R26DER7IDFT0T9STQV1
购买商品房后开发票为何不对？,问：我于2016年在汉中南郑县城西湖御都项目购买了面积102.66平米的商品房，总价318326元，开发商给我开了俩张分别为17万元，10万元的不动产发票，最后却开了一张价税和计为48326元的增值税发票，开票金额46024.76元，税率5％，税额2301.24元，为什么不开48326元的不动产发票？即使交税，也应该开发商交？我用现金交完契税，地税给我的是却是税收缴款书而不是完税证明，为什么？,答： 已通过161000000000002027490工单，电话方式回复纳税人：感谢您的咨询！您的问题我们已通过电话形式答复，若您对此仍有疑问，请联系12366纳税服务热线或主管税务机关。,http://www.sn-n-tax.gov.cn/portal/jsp/portal/interaction/zxzx/zxzx_result.jsp?siteCategoryCode=003001007&styleName=blue&contentId=2QGLC2U3LJ256FQ2HKH6BCJYJ24YBHTR
纳税咨询查询问题,"问：你好，纳税咨询这个窗口我觉的非常好，给我们纳税人解决了很多问题，但是有一点我不明百，我如果要找相关问题的时候，搜关键字后出来几页结果，我只能看到第一页的内容，无法看到以后几页的内容，我点击下一页或者输入第几页点击 GO,之后就会到达整个纳税咨询的下一页或者第几页的位置了，而无法到达我关键字搜索的以后内容，也许是我操作不对，还请解决一下，我想很多人都遇到这个问题。",答： 您好！您提交的问题已收悉，现针对您所提供的信息回复如下：您的意见我们已向网站管理部门反馈。  感谢您的咨询！上述回复仅供参考，若您对此仍有疑问，请联系12366 热线或您的主管税务机关咨询。   ,http://www.sn-n-tax.gov.cn/portal/jsp/portal/interaction/zxzx/zxzx_result.jsp?siteCategoryCode=003001007&styleName=blue&contentId=7MHZ8PKX3J1A2F5FGYRH7NMEMDWP7G0X
不动产经营性租赁,问：请问我单位出租2016年4月30日前取得的房屋，是选择按11％的税率计算增值税还是按简易征收办法5％的税率计算增值税，两者到底有何区别？如果收到其他单位给我单位开具的房租增值税专用发票，我单位能否抵扣？谢谢。,"答：您好！您提交的问题已收悉，现针对您所提供的信息回复如下：     根据《财政部 国家税务总局关于全面推开营业税改征增值税试点的通知》（财税〔2016〕36号）规定，一般纳税人出租其2016年4月30日前取得的不动产，可以选择适用简易计税方法,按照5%的征收率计算应纳税额。纳税人出租其2016年4月30日前取得的与机构所在地不在同一县（市）的不动产，应按照上述计税方法在不动产所在地预缴税款后，向机构所在地主管税务机关进行纳税申报。      如果贵公司选择简易计税，则不得抵扣进项税额，一般计税方法可以抵扣对应的进项税额。     感谢您的咨询！上述回复仅供参考，若您对此仍有疑问，请联系12366热线或您的主管税务机关咨询。 ",http://www.sn-n-tax.gov.cn/portal/jsp/portal/interaction/zxzx/zxzx_result.jsp?siteCategoryCode=003001007&styleName=blue&contentId=1YB4MLTSAVWT4J9BW1DM3TFT03Y7EHDF
丢失已作废发票已上报挂失，现在买不了发票！,问：您好我公司因为保管不善，丢失已作废发发票一份，已上报挂失，现在买不了发票，税务局要我们提供公安部门报案材料（公安不给提供）现在这事还在等税务局回复我们急需要购买发票，谢谢！我应该怎么办！还需要提供什么资料！,答：您好！您提交的问题已收悉，现针对您所提供的信息回复如下：     由于您提供的信息不完整，我们无法为您生成咨询工单。建议您直接拨打12366以便我们生成咨询工单协助您解决问题。 感谢您的咨询！上述回复仅供参考，若您对此仍有疑问，请联系12366热线或您的主管税务机关咨询。 ,http://www.sn-n-tax.gov.cn/portal/jsp/portal/interaction/zxzx/zxzx_result.jsp?siteCategoryCode=003001007&styleName=blue&contentId=7DUVTEAMI8N79JW7TWLF2SYVVYXDNBFQ
预缴开票申报缴款后发现税款所属期错误将如何处理？,问：我公司是汇总缴纳企业的分支机构，按要求进行预缴开票分期预缴申报，网上扣税款成功后，发现税款所属期错误，请教将如何处理？,答：您好！您提交的问题已收悉，现针对您所提供的信息回复如下：     如果您申报错误，携带正确的申报表到您所属主管税务机关办税服务厅办理补充申报和手工抵缴税款业务。 感谢您的咨询！上述回复仅供参考，若您对此仍有疑问，请联系12366热线或您的主管税务机关咨询。 ,http://www.sn-n-tax.gov.cn/portal/jsp/portal/interaction/zxzx/zxzx_result.jsp?siteCategoryCode=003001007&styleName=blue&contentId=PJEX6IIPQGNFIQJ4PN8EL86H0J5UKSFS
通用定额发票网上查询网址,问：你好！通用定额发票网上如何查询？查询网址是多少,答：您好！您提交的问题已收悉，现针对您所提供的信息回复如下：      通用定额发票暂时无法通过网页查询，查询有微信查询和电话查询两种：1.关注“陕西国税纳税服务”--办税服务--发票流向查询；2.拨打12366查询发票流向。   感谢您的咨询！上述回复仅供参考，若您对此仍有疑问，请联系12366热线或您的主管税务机关咨询。  ,http://www.sn-n-tax.gov.cn/portal/jsp/portal/interaction/zxzx/zxzx_result.jsp?siteCategoryCode=003001007&styleName=blue&contentId=6SXAPLAOEA6C525R1D58IT6QUX63PCAD
房地产企业采取预收款方式销售自行开发的房地产项目如何开具发票,问：房地产企业采取预收款方式销售自行开发的房地产项目，预售时总房价按预测面积计算，房款一般分多次收取（定金、首付款、按揭款等）。交房时，按照实测面积计算实际总房价，并对已预收的房款多退少补。现咨询：其发票的开具是在每次收款时按照收款金额开具多张发票，交房时再开具多退少补的发票（此方式开具的发票无房屋面积和单价），还是在交房时，按照实际总房价开具一张发票？,答： 您好！您提交的问题已收悉，现针对您所提供的信息回复如下： 根据《财政部 国家税务总局关于全面推开营业税改征增值税试点的通知》（财税〔2016〕36号）第第四十五条条的规定，  增值税纳税义务、扣缴义务发生时间为：     （一）纳税人发生应税行为并收讫销售款项或者取得索取销售款项凭据的当天；先开具发票的，为开具发票的当天。     收讫销售款项，是指纳税人销售服务、无形资产、不动产过程中或者完成后收到款项。     取得索取销售款项凭据的当天，是指书面合同确定的付款日期；未签订书面合同或者书面合同未确定付款日期的，为服务、无形资产转让完成的当天或者不动产权属变更的当天。     （二）纳税人提供建筑服务、租赁服务采取预收款方式的，其纳税义务发生时间为收到预收款的当天。     （三）纳税人从事金融商品转让的，为金融商品所有权转移的当天。     （四）纳税人发生本办法第十四条规定情形的，其纳税义务发生时间为服务、无形资产转让完成的当天或者不动产权属变更的当天。     （五）增值税扣缴义务发生时间为纳税人增值税纳税义务发生的当天。 根据《国家税务总局关于营改增试点若干征管问题的公告》（国家税务总局公告2016年第53号）第九条第一款的规定， (十一)增加6“未发生销售行为的不征税项目”，用于纳税人收取款项但未发生销售货物、应税劳务、服务、无形资产或不动产的情形。    “未发生销售行为的不征税项目”下设601 “预付卡销售和充值”、602“销售自行开发的房地产项目预收款”、603 “已申报缴纳营业税未开票补开票”。     使用“未发生销售行为的不征税项目”编码，发票税率栏应填写“不征税”，不得开具增值税专用发票。     因此，在收取预收款的时候，您可以先开具不征税的普通发票，纳税义务发生以后再全额开具发票。 感谢您的咨询！上述回复仅供参考，若您对此仍有疑问，请联系12366热线或您的主管税务机关咨询。 ,http://www.sn-n-tax.gov.cn/portal/jsp/portal/interaction/zxzx/zxzx_result.jsp?siteCategoryCode=003001007&styleName=blue&contentId=H8TIVC5796QN0GDHVYD85Q7L4I5DVVY4
如何查验增值税普通发票真伪,问：是否能提供陕西增值税普通发票在线查验真伪的服务,答：您好！您提交的问题已收悉，现针对您所提供的信息回复如下：  增值税普通发票查询有微信查询和电话查询两种：1.关注“陕西国税纳税服务”--办税服务--发票流向查询；2.拨打12366查询发票流向。  目前陕西省增值税普通发票只能查询发票流向，无法查询票面信息，如果您需要鉴定发票真伪，请持发票原件到主管税务机关进行发票真伪鉴定。  感谢您的咨询！上述回复仅供参考，若您对此仍有疑问，请联系12366热线或您的主管税务机关咨询。  ,http://www.sn-n-tax.gov.cn/portal/jsp/portal/interaction/zxzx/zxzx_result.jsp?siteCategoryCode=003001007&styleName=blue&contentId=8D1ATR14PU31426Q3UWGVVXBR753R3CY
机打发票问题,问：问：发票代码：161001113300，发票号码：10749896，查询号：611207326595 我查不到这张发票的真伪，请帮助我查一查，谢谢！,答：您好！您提交的问题已收悉，现针对您所提供的信息回复如下： 很抱歉，因电话沟通信息有限，发票真伪鉴定必须见票确认，12366无法提供发票真伪鉴定服务。根据全国纳税服务规范规定，非行政执法部门的单位或个人要发票真伪鉴别，请您携带纸质发票原件，到税务机关发票管理部门鉴别。    感谢您的咨询！上述回复仅供参考，若您对此仍有疑问，请联系12366热线或您的主管税务机关咨询。 ,http://www.sn-n-tax.gov.cn/portal/jsp/portal/interaction/zxzx/zxzx_result.jsp?siteCategoryCode=003001007&styleName=blue&contentId=DKAIUZCZ2JRPGIS8DT9ITC40UJGD9K8P
车主是个人，与公司签订私车公用协议，可以取得专票进行抵扣吗,问：车主是个人，与公司签订私车公用协议，取得的保险费、汽油费、修理费发票等，以公司名义开增值税专票，可以进项税抵扣吗？,答：您好！您提交的问题已收悉，现针对您所提供的信息回复如下:     根据财税〔2016〕36号第二十七条规定，下列项目的进项税额不得从销项税额中抵扣：     （一）用于简易计税方法计税项目、免征增值税项目、集体福利或者个人消费的购进货物、加工修理修配劳务、服务、无形资产和不动产。其中涉及的固定资产、无形资产、不动产，仅指专用于上述项目的固定资产、无形资产（不包括其他权益性无形资产）、不动产。     纳税人的交际应酬消费属于个人消费。     （二）非正常损失的购进货物，以及相关的加工修理修配劳务和交通运输服务。     （三）非正常损失的在产品、产成品所耗用的购进货物（不包括固定资产）、加工修理修配劳务和交通运输服务。     （四）非正常损失的不动产，以及该不动产所耗用的购进货物、设计服务和建筑服务。     （五）非正常损失的不动产在建工程所耗用的购进货物、设计服务和建筑服务。     纳税人新建、改建、扩建、修缮、装饰不动产，均属于不动产在建工程。     （六）购进的旅客运输服务、贷款服务、餐饮服务、居民日常服务和娱乐服务。     （七）财政部和国家税务总局规定的其他情形。     因此，您取得进项税，有合法有效的扣税凭证，且不属于以上情形的，则可以抵扣进项税。   ,http://www.sn-n-tax.gov.cn/portal/jsp/portal/interaction/zxzx/zxzx_result.jsp?siteCategoryCode=003001007&styleName=blue&contentId=BE0RZ94F51SICB00TCKBRS8AIP2PHCY7
增值税专用发票,问：我们是辽宁省的企业，单位同事提供陕西省的增值税专用发票，以往我们是进到省国税网站对增值税专用发票进行真伪及流向查询的，但是在贵税务局网站找不到相关的查询功能，请问怎样才可以查询到增值税专用发票的真伪和流向呢？,答：您好！您提交的问题已收悉，现针对您所提供的信息回复如下：     增值税专用发票查询有微信查询和电话查询两种：1.关注“陕西国税纳税服务”--办税服务--发票流向查询；2.拨打029-12366查询发票流向。     目前陕西省增值税专用发票只能查询发票流向，无法查询票面信息。     感谢您的咨询！上述回复仅供参考，若您对此仍有疑问，请联系12366热线或您的主管税务机关咨询。  ,http://www.sn-n-tax.gov.cn/portal/jsp/portal/interaction/zxzx/zxzx_result.jsp?siteCategoryCode=003001007&styleName=blue&contentId=BRTTPMT5MJUB1VOQ5F8AHOLJ5PA0D8N0
企业所得税年报,问：你好，这几天登陆VPN申报年报的时候，显示纳税人状态不正常，是什么原因？去本地税务局咨询过了，没有违章，查不出原因。,"答：    您好！您提交的问题已收悉，现针对您所提供的信息回复如下：      根据您的描述，该提示信息可能为软件问题，建议您咨询电子税务局纳税人端软件客服，电话号码4007151555,95113。      感谢您的咨询！上述回复仅供参考，若您对此仍有疑问，请联系12366热线或您的主管税务机关咨询。      ",http://www.sn-n-tax.gov.cn/portal/jsp/portal/interaction/zxzx/zxzx_result.jsp?siteCategoryCode=003001007&styleName=blue&contentId=248ZA26FC2OS72M524W8BKC1A3U48J6
小规模纳税人代开增值税专票的问题,问：我们公司和咸阳一家保险代理公司合作，营改增后我公司要求支付给他们的代理手续费用需要开具增值税专用发票。该公司为小规模纳税人，前往税务局开具代理手续费增值税专用发票，归属税务局答复说开不了。希望我公司进行协调。 税务局名称：西咸新区沣东新城国家税务局 答复不能开具原因：代理手续费可以是政府和企业之间合作需要开具的费用，企业和企业之间不能开具代理手续费，只能开服务费。,答：您好！您提交的问题已收悉，现针对您所提供的信息回复如下：         已办理税务登记的小规模纳税人（包括个体经营者）以及国家税务总局确定的其他可以代开增值税专用发票的纳税人发生增值税应税行为，需要开具增值税专用发票，主管税务机关依据纳税人申请，为其开具增值税专用发票或货物运输业增值税专用发票。       根据财税〔2016〕36号附件一第六条第八款第二项规定，经纪代理服务，是指各类经纪、中介、代理服务。包括金融代理、知识产权代理、货物运输代理、代理报关、法律代理、房地产中介、职业中介、婚姻中介、代理记账、拍卖等。        因此，小规模纳税人发生的代理手续费可以到主管税务机关代开专用发票。        感谢您的咨询！上述回复仅供参考，若您对此仍有疑问，请联系 12366 热线或您的主管税务机关咨询。  ,http://www.sn-n-tax.gov.cn/portal/jsp/portal/interaction/zxzx/zxzx_result.jsp?siteCategoryCode=003001007&styleName=blue&contentId=F6X977DXGBDBNS9GTE4RAXMALHDZSGZ6
小规模纳税人异地项目开票问题,问：我们是西咸新区的小规模纳税人，最近在省外承接了一个单位的视频监控项目，对方要求开具的发票项目是“安防工程”，咨询一下我们是要在公司注册地的西咸新区国税所购领发票后开具呢？还是要到主管机关开具外出经管证到对方单位所在地的税务机关开具发票？谢谢！,答：    您好！您提交的问题已收悉，现根据您提供的信息回复如下：     根据国家税务总局关于发布《纳税人跨县（市、区）提供建筑服务增值税征收管理暂行办法》的公告（国家税务总局公告2016年第17号 ） 第九条规定，小规模纳税人跨县（市、区）提供建筑服务，不能自行开具增值税发票的，可向建筑服务发生地主管国税机关按照其取得的全部价款和价外费用申请代开增值税发票。     因此，如果贵公司可以自行开具发票则自行开具，无法开具的到建筑服务发生地税务机关代开增值税发票。     感谢您的咨询！上述回复仅供参考，若您对此仍有疑问，请联系12366热线或者您的主管税务机关咨询。 ,http://www.sn-n-tax.gov.cn/portal/jsp/portal/interaction/zxzx/zxzx_result.jsp?siteCategoryCode=003001007&styleName=blue&contentId=QI7JV1PPJKRQ0TO9EPJ64UEJT7XY9KUI
增值税查询,问：增值税发票查真伪时要求输入的查询号是什么,答：您好，您所提交的问题已收悉，现针对回复如下：查询号只有联网开具的通用机打发票才有。目前官网尚未开通增值税发票查询模块，若您需要查询增值税发票，您可添加微信公众号“陕西国税纳税服务”来查询或直接拨打12366纳税服务热线查询。感谢您的咨询！上述回复仅供参考，若您对此仍有疑问，请联系12366纳税服务热线或主管税务机关。,http://www.sn-n-tax.gov.cn/portal/jsp/portal/interaction/zxzx/zxzx_result.jsp?siteCategoryCode=003001007&styleName=blue&contentId=MAIQCRFXC7H64ZRL91ZP5L8TI667P1HT
增值税发票真伪查询,问：发票代码：6100151320 发票号码：04160421 发票方：西安博义峰会议服务有限公司 为什么一直查不到真伪？能否给提供一下查询截图，报销需要一个查询真伪的截图，或者麻烦告诉一下在哪里可以查出来？,答：     您好！您提交的问题已收悉，现针对您所提供的信息回复如下       ：           发票真伪无法通过查询获得，发票真伪需要携带发票原件去税务机关鉴定。 可关注“陕西国税纳税服务”微信公众平台或者拨打 12366 咨询热线查询发票流向。        感谢您的咨询！上述回复仅供参考，若您对此仍有疑问，请联系     12366     热线或您的主管税务机关咨询。      ,http://www.sn-n-tax.gov.cn/portal/jsp/portal/interaction/zxzx/zxzx_result.jsp?siteCategoryCode=003001007&styleName=blue&contentId=3VTNMSG29ZDO0GN2HWV7AAA10X3JDSWR
无道路运输经营许可证能否领取货物运输业增值税专用发票,问：您好，我现在申请办理了一家汽车运输公司，营业执照已经领取，道路运输经营许可证还没有办理，能否在税务部门申请领取货物运输业专用发票。,答：    您好！您提交的问题已收悉，现针对您所提供的信息回复如下      ：          您在领用发票之前，应该在税务机关办理增值税发票核定，税务机关工作人员会根据您的具体情况核定您领用发票的种类。      感谢您的咨询！上述回复仅供参考，若您对此仍有疑问，请联系    12366    热线或您的主管税务机关咨询。     ,http://www.sn-n-tax.gov.cn/portal/jsp/portal/interaction/zxzx/zxzx_result.jsp?siteCategoryCode=003001007&styleName=blue&contentId=F5BKV5N5AH18UFOT3PE7A7LJ2XG6Q5FR
出租车机打发票,问：收到的出租车机打发票普遍没有盖发票专用章，请问是否有效，能否入账？,答：    您好！您提交的问题已收悉，现针对您所提供的信息回复如下      ：          陕西省的出租车发票因为发票印制的原因，暂时没有统一加盖发票专用章。如果您需要加盖发票专用章，可以拨打12366咨询热线查询该发票所对应的出租车公司，携带发票原件去出租车公司加盖发票专用章。      感谢您的咨询！上述回复仅供参考，若您对此仍有疑问，请联系 12366 热线或您的主管税务机关咨询。   ,http://www.sn-n-tax.gov.cn/portal/jsp/portal/interaction/zxzx/zxzx_result.jsp?siteCategoryCode=003001007&styleName=blue&contentId=KB40MI0XEEXH6ICCE0MEE6MTGEV0I394
交易所平台服务营改增,问：交易所（现货，电子交易）为要素市场（标的物是有型动产即货物，如有色金属等）提供交易平台服务，交易所按成交额收取的手续费收入是否属营改增行业？如果是，是营改增后哪个行业？,答：      您好！您提交的问题已收悉，现针对您所提供的信息回复如下        ：            您所咨询的“交易平台服务”不属于“营改增”范围，建议您具体咨询地税部门。        感谢您的咨询！上述回复仅供参考，若您对此仍有疑问，请联系      12366      热线或您的主管税务机关咨询。       ,http://www.sn-n-tax.gov.cn/portal/jsp/portal/interaction/zxzx/zxzx_result.jsp?siteCategoryCode=003001007&styleName=blue&contentId=ACUHXYDNC5YNU3BNAC7Y745OKXNNUIZ6
发票无法查询,问：在怡康药房开取的发票，在陕西国税网上查不到信息，验证发票二维码，扫描提示暂无信息请与出票单位或税务局联系。发票代码161001513200 发票号码 08340227 查询号 131000249137 纳税人识别号 61010473507449x 东木头市二店。请问这发票有问题吗？,答：  您好！您提交的问题已收悉，现针对您所提供的信息回复如下    ：        陕西省国家税务局门户网站上的发票信息分批次上传，可能您查询的发票信息还没有上传，建议您关注“陕西国税纳税服务”微信公众平台查询，或者拨打 12366咨询热线查询。           感谢您的咨询！上述回复仅供参考，若您对此仍有疑问，请联系 12366 热线或您的主管税务机关咨询。   ,http://www.sn-n-tax.gov.cn/portal/jsp/portal/interaction/zxzx/zxzx_result.jsp?siteCategoryCode=003001007&styleName=blue&contentId=BP41AOXZD2X5874BH1C2X68XPNRL7MMO
关于发票开超认定纳税人,问：我是小规模纳税人，国税局说我连续12个月开发票的金额超过了小规模的金额，让我认定一般纳税 人， 因为我销售的好多东西没有进项发票，所以我不想认定一般纳税人，我听其它人说，可以不认定一般纳税人，也不享受抵扣税，就可以继续用这个开票，我问我们铜川的国税局他们说没有这个政策，我就想咨询一下国家在这方面有没有这个政策，谢谢。,答：     您好！您提交的问题已收悉，现针对您所提供的信息回复如下      ：          国家税务总局关于调整增值税一般纳税人管理  有关事项的公告(国家税务总局公告2015年第18号) 四、纳税人年应税销售额超过规定标准的，在申报期结束后20个工作日内按照本公告第二条或第三条的规定办理相关手续;未按规定时限办理的，主管税务机关应当在规定期限结束后10个工作日内制作《税务事项通知书》，告知纳税人应当在10个工作日内向主管税务机关办理相关手续。  中华人民共和国增值税暂行条例  实施细则(财政部　国家税务总局第50号令)二十九条　年应税销售额超过小规模纳税人标准的其他个人按小规模纳税人纳税；非企业性单位、不经常发生应税行为的企业可选择按小规模纳税人纳税。 第三十四条　有下列情形之一者，应按销售额依照增值税税率计算应纳税额，不得抵扣进项税额，也不得使用增值税专用发票： 　　（一）一般纳税人会计核算不健全，或者不能够提供准确税务资料的； 　　（二）除本细则第二十九条规定外，纳税人销售额超过小规模纳税人标准，未申请办理一般纳税人认定手续的。 感谢您的咨询！上述回复仅供参考，若您对此仍有疑问，请联系 12366 热线或您的主管税务机关咨询。  ,http://www.sn-n-tax.gov.cn/portal/jsp/portal/interaction/zxzx/zxzx_result.jsp?siteCategoryCode=003001007&styleName=blue&contentId=7S92C71S8QHQQSPKMS71RWL7AMZPNTKE
普通发票查询,问：NO：11506498 6100151320 校验码：81260166441962050075 我查不到这张发票的真伪，请帮助我查一查，谢谢！,答：您好，您的问题已收悉，现针对回复如下：该发票发票代码为 6100151320 发票号码为11506498 经查询该发票开票方名称：中国船舶重工集团公司第十二研究所 开票方纳税人识别号:610481435721982 以上为该发票流向信息，发票真伪鉴别需携带纸质票到办税大厅鉴别。感谢您的咨询！上述回复仅供参考，若您对此仍有疑问，请联系12366纳税服务热线或主管税务机关。,http://www.sn-n-tax.gov.cn/portal/jsp/portal/interaction/zxzx/zxzx_result.jsp?siteCategoryCode=003001007&styleName=blue&contentId=1XIOYTV2YHF1C3TE5Y3LI9DLTQAG2X7W
中国移动、电信、联通发票真伪,问：中国移动、电信、联通的发票在官网系统中无此发票，烦请说明下原因,答：您好，您的问题已收悉，现针对回复如下：官网目前只能查询通用机打发票、通用手工发票和通用定额发票。建议您添加微信公众号“陕西国税纳税服务”，可通过微信公众号查询所有种类发票。您也可拨打12366纳税服务热线或到税务机关进行发票查询。给您带来不便，敬请谅解！感谢您的咨询！,http://www.sn-n-tax.gov.cn/portal/jsp/portal/interaction/zxzx/zxzx_result.jsp?siteCategoryCode=003001007&styleName=blue&contentId=Q3OQMK57VB87YSZGVITKGTAL0VZ52AXE
购买社会组织服务是否要上税？,问：请问：我们要购买社会组织参与防治艾滋病的服务，是否要上税？上多少？如何上税？是否根据“财政部国家税务总局关于非营利组织企业所得税免税收入问题的通知”（财税[2009]122号）要求上税？社会组织能否称为企业？,答：您好，您的问题已收悉，现针对回复如下：您所咨询的问题，已通过12366纳税服务热线进行了电话回复，若您对此仍有疑问，请联系12366纳税服务热线或主管税务机关。感谢您的咨询！,http://www.sn-n-tax.gov.cn/portal/jsp/portal/interaction/zxzx/zxzx_result.jsp?siteCategoryCode=003001007&styleName=blue&contentId=49RD5YCVYRAK351CMC0JVPG9SUA8DCGD
怎样提交增值税纳税申报表,问：怎样提交增值税纳税申报表,答：   您好！您的问题已收悉，现针对您的问题回复如下：    如果您使用的网上申报方式，可通过申报软件提交增值税纳税申报表；如果您要到税务机关上门申报，请您携带电子或纸质申报表到主管税务机关办税服务厅办理。    感谢您的咨询，以上回复仅供参考，如有问题，请咨询主管税务部门或12366。 ,http://www.sn-n-tax.gov.cn/portal/jsp/portal/interaction/zxzx/zxzx_result.jsp?siteCategoryCode=003001007&styleName=blue&contentId=7HXVFITHLH4YL9LF4NDP9ODOTPLQJ5PU
农村房屋出租开发票,问：我想了解一下农村房屋出租发票如何开，税收是多少。请详细的介绍一下。,答：您好！您提交的问题已收悉，现针对您所提供的信息回复如下： 非常抱歉，您咨询的问题由地税部门管辖，为保证信息准确，建议您咨询地税部门。 感谢您的咨询！上述回复仅供参考，若您对此仍有疑问，请联系12366纳税服务热线或主管税务机关。  ,http://www.sn-n-tax.gov.cn/portal/jsp/portal/interaction/zxzx/zxzx_result.jsp?siteCategoryCode=003001007&styleName=blue&contentId=4PMBCDTOUR1CCMX9BMCFHO2D65FMVZO
关于筹建期内的招待费所得税扣除处理,问：你好，我公司属于筹建期，当年发招待费12100元，请问此项费所得税扣除时怎样扣除？,答：　您好！您提交的问题已收悉，现针对您所提供的信息回复如下：    一、根据 《 国家税务总局关于企业所得税应纳税所得额若干税务处理问题的公告 》( 国家税务总局公告 2012 年第 15 号)的规定：“五、关于筹办期业务招待费等费用税前扣除问题     企业在筹建期间，发生的与筹办活动有关的业务招待费支出，可按实际发生额的 60% 计入企业筹办费，并按有关规定在税前扣除;发生的广告费和业务宣传费，可按实际发生额计入企业筹办费，并按有关规定在税前扣除。 　　…… 　　九、本公告施行时间     本公告规定适用于 2011 年度及以后各年度企业应纳税所得额的处理。 ”  感谢您的咨询！上述回复仅供参考，若您对此仍有疑问，请联系12366纳税服务热线或主管税务机关。  ,http://www.sn-n-tax.gov.cn/portal/jsp/portal/interaction/zxzx/zxzx_result.jsp?siteCategoryCode=003001007&styleName=blue&contentId=1KWJZATLBZ0J2LXFV7P16MZNB3MBQ99V
普票在哪里查询？？,问：普票在哪里查询？？,答：您好！您提交的问题已收悉，现针对您所提供的信息回复如下： 如果你持有的是陕西省国家税务局通用机打发票，可以在陕西省国家税务局官方网站电子税务局—发票查询—发票流向查询（或发票真伪查询）；如果你持有的是陕西省国家税务局增值税普通发票，可微信关注“陕西国税纳税服务”公众号进入办税服务—发票流向查询或拨打123366人工查询发票流向信息。 感谢您的咨询！上述回复仅供参考，若您对此仍有疑问，请联系12366纳税服务热线或主管税务机关。 ,http://www.sn-n-tax.gov.cn/portal/jsp/portal/interaction/zxzx/zxzx_result.jsp?siteCategoryCode=003001007&styleName=blue&contentId=8H1SL9EX4EMMNS4TNDYLU3RFFZTKEUZ
原油天然气增值税申报,问：我是个体工商户原油天然气增值税申报怎样填写,答：您好！您提交的问题已收悉，现针对提供信息回复如下： 请您拨打12366热线咨询。 感谢咨询！ ,http://www.sn-n-tax.gov.cn/portal/jsp/portal/interaction/zxzx/zxzx_result.jsp?siteCategoryCode=003001007&styleName=blue&contentId=7GQL3ZQRI77O6925PS5YOPS7C936ASLQ
电信业营业税改征增值税,"问：自2014年6月1日起将电信业纳入营业税改征增值税试点,原地税监制的冠名普通发票可以用到什么时候？有没有相关的文件通知",答：您好！您的问题已收悉，现针对回复如下： 《陕西省国家税务局关于电信业营改增试点纳税人使用普通发票过渡事项的公告》2014年第5号 根据《陕西省国家税务局  陕西省地方税务局关于印发的通知》（陕国税发〔2014〕122号）文件精神，现就电信业“营改增”试点纳税人（以下简称“试点纳税人”）使用普通发票过渡事项公告如下： 一、试点纳税人使用的原地税监制的冠名普通发票，“营改增”后使用国税监制冠名普通发票。并对其实行过渡期管理，过渡期为2014年6月1日至2014年11月30日。 （一）2014年11月30日前，试点纳税人可继续使用地税监制的冠名普通发票。 （二）2014年12月1日起，试点纳税人必须使用国税监制的冠名普通发票，不得开具地税监制的冠名普通发票。 （三）试点纳税人于2014年11月30日前，对未使用完地税监制的冠名普通发票，按照地税规定办理缴销手续。并携带税务登记证副本、购票员身份证原件及复印件、发票专用章、2014年6月1日至验旧之日的地税监制冠名发票开具数据等资料，到主管国税机关办理发票领用事宜。 (四)冠名普通发票过渡期内，试点纳税人违反发票管理规定，违规使用发票，由主管国税机关依法处理。 二、自2014年6月1日起，除冠名普通发票外，试点纳税人提供增值税应税服务必须开具国税监制发票，不得开具地税网络在线普通发票。 （一）试点纳税人“营改增”后被认定为增值税一般纳税人的，其提供增值税应税服务开具国税监制的增值税专用发票或增值税普通发票。 （二）试点纳税人“营改增”后被认定为增值税小规模纳税人的，其提供增值税应税服务开具国税监制通用机打普通发票。 （三）认定为增值税小规模的试点纳税人，在陕国税发〔2014〕122号文件规定的时限内，持相关证件资料，向主管国税机关办理通用机打普通发票领用事宜，并选择确认开票方式。 （四）使用地税网络在线普通发票的试点纳税人于5月31日前，按照地税规定注销其开票资格，并办理网络在线普通发票缴销手续。 三、试点纳税人沿用原纳税人识别号的，继续使用原发票专用章，新办理国税税务登记或纳税人识别号发生变化的，按新的纳税人识别号重新制作发票专用章。 特此公告。                                                                       陕西省国家税务局                                                                        2014年5月30日 感谢您的咨询！ ,http://www.sn-n-tax.gov.cn/portal/jsp/portal/interaction/zxzx/zxzx_result.jsp?siteCategoryCode=003001007&styleName=blue&contentId=1CJPOE8KNHNE25TPPF2M83HFC2WLQKEQ
网上申报系统,问：怎么进入到网上申报系统，把信息输进去怎么没有企业的信息，提示没找到该用户数据或用户不存在。,答：您好！您的问题已收悉，现针对回复如下： 您描述的问题太笼统，您反映的网上申报系统是指？无法给您准确的回复。建议您拨打12366纳税服务热线或联系主管税务机关咨询。 感谢您的咨询！ ,http://www.sn-n-tax.gov.cn/portal/jsp/portal/interaction/zxzx/zxzx_result.jsp?siteCategoryCode=003001007&styleName=blue&contentId=MAS9WUULUL99DON6WU9T6JGWQ5Z9WIC9
牲畜、家禽饲养企业直接减免的增值税是否应征收企业所得税？,问：我是一小规模饲养企业，增值税收入100万，所得税申报时收入要换算为不含税么？直接减免的增值税是否应征收所得税？ 直接减免的增值税如应征税，应填写在所得税申报表中的11栏“营业外收入”中么,答：尊敬的纳税人您好！根据《中华人民共和国企业所得税法》中华人民共和国主席令第63号第二章 应纳税所得额 第五条 企业每一纳税年度的收入总额，减除不征税收入、免税收入、各项扣除以及允许弥补的以前年度亏损后的余额，为应纳税所得额。第六条 企业以货币形式和非货币形式从各种来源取得的收入，为收入总额。该收入是指实际取得的收入。 您企业牲畜、家禽饲养直接减免的增值税需计入营业外收入，缴纳企业所得税。   ,http://www.sn-n-tax.gov.cn/portal/jsp/portal/interaction/zxzx/zxzx_result.jsp?siteCategoryCode=003001007&styleName=blue&contentId=FAMTZ3NLURMZQRZ1EA1J68EM0E0I03HG
关于增值税相关问题,问：请问生产性企业的办公用电能取得增值税专用发票，其增值税额能抵扣？办公用电：比如电脑、打印机、空调、办公楼照明、电梯、中央空调等用电。谢谢！,答：尊敬的纳税人您好！请您参照财税（2013）37号《财政部 国家税务总局关于在全国开展交通运输业和部分现代服务业营业税改征增值税试点税收政策的通知》附件2《交通运输业和部分现代服务业营业税改征增值税试点有关事项的规定》第二条。若您取得的发票属于可抵扣凭证且不在该文件规定的不得抵扣范围内，那么是准予抵扣进项税的。,http://www.sn-n-tax.gov.cn/portal/jsp/portal/interaction/zxzx/zxzx_result.jsp?siteCategoryCode=003001007&styleName=blue&contentId=KVW87G9Z7VSVSWXUO1AFOSYG3NT6NFLN
增值税申报保存不上数据,问：2013年8月，系统升级后，我们在原有的17、13、的税率上又增加了营改增的6的税率，8月申报成功，可9月申报不能通过，原因是系统提取的数据与我们的数据不符，强行保存后系统提示无保存数据，不能保存。经过多次核对，我们的数据是填写正确的，但就是不能申报。以前申报时17税率填写在第二栏应税货物处，13税率填写在第三栏应税劳务处，营改增后将13、17税率相加后填写在第二栏应税货物处，将6的税率填写在第三栏应税劳务处，是否系统在此处有问题？请省局能否给与解决办法。 急需解决办法，急需申报领票！！！！,答：因不清楚您使用的是何种系统，因此对于您反映的具体情况难以判断，为保证您问题能够尽快解决，建议您直接拨打陕西国税12366由人工座席为您流转工单处理。 ,http://www.sn-n-tax.gov.cn/portal/jsp/portal/interaction/zxzx/zxzx_result.jsp?siteCategoryCode=003001007&styleName=blue&contentId=D1CPZTMD6TTAB3G9MF52X2WA5BFM31L2
物业公司收取的取暖费税收问题,问：小区自备锅炉供暖向业主收取的取暖费是否免税？是否应该缴纳营业税？如何计算？,答：小区自备锅炉供暖向业主收取的取暖费，属于增值税应税范围。如物业公司具备供暖企业资质，则可享受免征增值税的优惠；如不具备，则按规定缴纳增值税。  物业公司收取的暖气费，物业公司如为小规模企业收取的所有费用/（1+----3%）换算为不含税销售额，按照3%征收率缴纳增值税；如为一般纳税人收取的所有费用/（1+17%）换算为不含税销售额，按照17%税率缴纳增值税。     根据《财政部 国家税务总局关于继续执行供热企业增值税 房产税 城镇土地使用税优惠政策的通知》（财税[2011]118号）规定：“为保障居民供热采暖，经国务院批准，现将‘三北’地区供热企业（以下称供热企业）增值税、房产税、城镇土地使用税政策通知如下： 一、自2011年供暖期至2015年12月31日，对供热企业向居民个人（以下称居民）供热而取得的采暖费收入继续免征增值税。向居民供热而取得的采暖费收入，包括供热企业直接向居民收取的、通过其他单位向居民收取的和由单位代居民缴纳的采暖费。 免征增值税的采暖费收入，应当按照《中华人民共和国增值税暂行条例》第十六条的规定单独核算。通过热力产品经营企业向居民供热的热力产品生产企业，应当根据热力产品经营企业实际从居民取得的采暖费收入占该经营企业采暖费总收入的比例确定免税收入比例。 本条所述供暖期，是指当年下半年供暖开始至次年上半年供暖结束的期间。 ……     三、本通知所述供热企业，是指热力产品生产企业和热力产品经营企业。热力产品生产企业包括专业供热企业、兼营供热企业和自供热单位。 四、本通知所称‘三北’地区，是指北京市、天津市、河北省、山西省、内蒙古自治区、辽宁省、大连市、吉林省、黑龙江省、山东省、青岛市、河南省、陕西省、甘肃省、青海省、宁夏回族自治区和新疆维吾尔自治区。”  ,http://www.sn-n-tax.gov.cn/portal/jsp/portal/interaction/zxzx/zxzx_result.jsp?siteCategoryCode=003001007&styleName=blue&contentId=20SJ07IJ1F6E833M1MA9NG8SXBLLTU9I
防伪税控,问：一般纳税人（防伪税控企业）整体转让，用原企业名称和纳税人识别号，只改变法人，请问 防伪税控怎么办理转让,答：企业变更法人，需在营业执照变更后至主管税务机关，申请变更税务登记，在变更过程中，税务机关会对企业进行稽查，在变更登记完毕后，企业持防伪税控设备及其他资料至主管局信息中心重写信息。,http://www.sn-n-tax.gov.cn/portal/jsp/portal/interaction/zxzx/zxzx_result.jsp?siteCategoryCode=003001007&styleName=blue&contentId=AB1V5CDM2API78NO5LNVZNIGHSCET93
2013版利润表中的本期金额    上期金额怎么填,问：2013版利润表中的本期金额 上期金额怎么填,答：2013版财务报表分小企业会计准则类和企业会计准则类，按您提供的信息应该是企业会计准则类财务报表中的利润表，按照《企业会计准则第32号——中期财务报告（2006）》第十二条规定，利润表的“本期金额”（《 2013 金融企业财务会计报表（担保类）》中《利润表及利润分配表》的本年数）填写纳税人年初至本报告期末损益变动情况，“上期 ( 年 ) 金额”（《 2013 金融企业财务会计报表（担保类）》的《利润表及利润分配表》的上年数）填写该纳税人上年同期可比数字。  ,http://www.sn-n-tax.gov.cn/portal/jsp/portal/interaction/zxzx/zxzx_result.jsp?siteCategoryCode=003001007&styleName=blue&contentId=EQ4ZT47PXGPLFVRCKHEER9QOCNMZZ8I2
来料加工征税,问：请问来料加工如何征税，我们的办理手册时出口金额报大了，现在没有获得那么多加工费，报关单也没办法改了，现在应该怎么办？,答：来料加工可能涉及出口企业及加工企业，鉴于来料加工业务比较特殊，您提供的信息不够清晰，为保证您得到的信息准确，建议您直接拨打陕西国税12366热线或国税进出口税收管理处综合科 （029-88222036-601）进行详细咨询。   ,http://www.sn-n-tax.gov.cn/portal/jsp/portal/interaction/zxzx/zxzx_result.jsp?siteCategoryCode=003001007&styleName=blue&contentId=OH589U88NOZYVLY3H5JA1AHAWM66Z9H0
该笔业务如何缴税？,问：当地政府为保障“救灾救济”而与我粮食生产加工企业（非国有）签订一份粮食储备合同。由于当年未使用储备粮，第二年政府支付给我企业含有贷款利息、倒库费、仓储费等款项一笔（我公司购进粮食进行仓储，可能会放好多年，直到政府使用。政府会每年支付一定的费用）。 1、因为销售未实现，该笔款项是否能确认为增值税价外费用？还是缴纳营业税？ 2、如果确认为增值税价外费用，如第4年销售实现，那么价外费用是按年缴纳？还是第4年汇总一并缴纳？还是只缴纳第4年这一年的？,答：如签订的是销售合同，贷款利息、倒库费、仓储费等款项作为合同附属条款时，应作为增值税价外费用。  如当时并未签订销售合同，在使用储备粮时才签订销售合同，现在签订的是贷款利息、倒库费、仓储费等款项的合同，则应确认为营业税收入。同时，在2013 年8 月1 日营改增后，仓储劳务将属于增值税应税项目。  关于收入确认时间，根据增值税暂行条例 第十九条　增值税纳税义务发生时间：  （一）销售货物或者应税劳务，为收讫销售款项或者取得索取销售款项凭据的当天；先开具发票的，为开具发票的当天。  根据增值税暂行条例实施细则　第三十八条　条例第十九条第一款第（一）项规定的收讫销售款项或者取得索取销售款项凭据的当天，按销售结算方式的不同，具体为：  　　（一）采取直接收款方式销售货物，不论货物是否发出，均为收到销售款或者取得索取销售款凭据的当天；  　　（二）采取托收承付和委托银行收款方式销售货物，为发出货物并办妥托收手续的当天；  　　（三）采取赊销和分期收款方式销售货物，为书面合同约定的收款日期的当天，无书面合同的或者书面合同没有约定收款日期的，为货物发出的当天；  　　（四）采取预收货款方式销售货物，为货物发出的当天，但生产销售生产工期超过12 个月的大型机械设备、船舶、飞机等货物，为收到预收款或者书面合同约定的收款日期的当天；  　　（五）委托其他纳税人代销货物，为收到代销单位的代销清单或者收到全部或者部分货款的当天。未收到代销清单及货款的，为发出代销货物满180 天的当天；  　　（六）销售应税劳务，为提供劳务同时收讫销售款或者取得索取销售款的凭据的当天；  　　（七）纳税人发生本细则第四条第（三）项至第（八）项所列视同销售货物行为，为货物移送的当天。  因咨询人提供的信息比较模糊，难以确定该合同纳税义务发生时间，建议咨询人直接拨打12366 咨询或能够提供联系方式，以便进一步详实发生业务的信息。  ,http://www.sn-n-tax.gov.cn/portal/jsp/portal/interaction/zxzx/zxzx_result.jsp?siteCategoryCode=003001007&styleName=blue&contentId=2L42OPRKMR309Z3HNNNEKA9IG5HEMX7W
关于外商投资企业享受企业所得税优惠问题的咨询,问：按现行工商登记办法，外资比例低于25%也可登记为外商投资企业。两法合并后，外资比例低于25%的外商投资企业能否享受相关企业所得税优惠政策？（两法合并之前，外商投资比例低于25%不可享受相关企业所得税优惠政策）。如：在享受西部大开发所得税优惠时，外资比例低于25%的外商投资企业应适用于《外商投资产业指导目录》还是《产业结构调整指导目录》？,答：两法合并前 外商投资比例低于25% 不可享受相关企业所得税优惠政策的文件已全文失效，文件号 国税函〔2003 〕422 号；企业所得税法及其实施条例实施后，企业享受企业所得税税收优惠的区分条件不以内资企业或外商投资企业为标准，按照各企业所得税税收优惠政策规定的条件为标准。  对于西部大开发企业所得税优惠，享受条件即为国家税务总局公告2012 年第12 号第一条，自2011 年1 月1 日至2020 年12 月31 日，对设在西部地区以《西部地区鼓励类产业目录》中规定的产业项目为主营业务，且其当年度主营业务收入占企业收入总额70 ％以上的企业，经企业申请，主管税务机关审核确认后，可减按15 ％税率缴纳企业所得税。上述所称收入总额，是指《企业所得税法》第六条规定的收入总额。因此，外商投资企业符合规定条件时，即可享受此优惠。   在《西部地区鼓励类产业目录》公布前，企业符合《产业结构调整指导目录（2005 年版）》、《产业结构调整指导目录（2011 年版）》、《外商投资产业指导目录（2007 年修订）》和《中西部地区优势产业目录（2008 年修订）》范围的，经税务机关确认后，其企业所得税可按照15 ％税率缴纳。《西部地区鼓励类产业目录》公布后，已按15% 税率进行企业所得税汇算清缴的企业，若不符合本公告第一条规定的条件，可在履行相关程序后，按税法规定的适用税率重新计算申报。  对于外资比例低于25% 的外商投资企业，应适用于《外商投资产业指导目录》还是《产业结构调整指导目录》，如果企业从事的生产经营项目属于《产业结构调整指导目录》限制类条目的，适用《产业结构调整指导目录》；如果从事的生产经营项目不属于《产业结构调整指导目录》限制类条目的，则适用《外商投资产业指导目录》。  具体以主管局要求为准。  ,http://www.sn-n-tax.gov.cn/portal/jsp/portal/interaction/zxzx/zxzx_result.jsp?siteCategoryCode=003001007&styleName=blue&contentId=3O1VF1DDRM0Y1BBN67K0FBDX9OLRI9KK
关于外商投资企业享受企业所得税优惠问题的咨询,问：按现行工商登记办法，外资比例低于25%也可登记为外商投资企业。两法合并后，外资比例低于25%的外商投资企业能否享受相关企业所得税优惠政策？（两法合并之前，外商投资比例低于25%不可享受相关企业所得税优惠政策）。如：在享受西部大开发所得税优惠时，外资比例低于25%的外商投资企业应适用于《外商投资产业指导目录》还是《产业结构调整指导目录》？,答：两法合并前 外商投资比例低于25% 不可享受相关企业所得税优惠政策的文件已全文失效，文件号 国税函〔2003 〕422 号；企业所得税法及其实施条例实施后，企业享受企业所得税税收优惠的区分条件不以内资企业或外商投资企业为标准，按照各企业所得税税收优惠政策规定的条件为标准。  对于西部大开发企业所得税优惠，享受条件即为国家税务总局公告2012 年第12 号第一条，自2011 年1 月1 日至2020 年12 月31 日，对设在西部地区以《西部地区鼓励类产业目录》中规定的产业项目为主营业务，且其当年度主营业务收入占企业收入总额70 ％以上的企业，经企业申请，主管税务机关审核确认后，可减按15 ％税率缴纳企业所得税。上述所称收入总额，是指《企业所得税法》第六条规定的收入总额。因此，外商投资企业符合规定条件时，即可享受此优惠。   在《西部地区鼓励类产业目录》公布前，企业符合《产业结构调整指导目录（2005 年版）》、《产业结构调整指导目录（2011 年版）》、《外商投资产业指导目录（2007 年修订）》和《中西部地区优势产业目录（2008 年修订）》范围的，经税务机关确认后，其企业所得税可按照15 ％税率缴纳。《西部地区鼓励类产业目录》公布后，已按15% 税率进行企业所得税汇算清缴的企业，若不符合本公告第一条规定的条件，可在履行相关程序后，按税法规定的适用税率重新计算申报。  对于外资比例低于25% 的外商投资企业，应适用于《外商投资产业指导目录》还是《产业结构调整指导目录》，如果企业从事的生产经营项目属于《产业结构调整指导目录》限制类条目的，适用《产业结构调整指导目录》；如果从事的生产经营项目不属于《产业结构调整指导目录》限制类条目的，则适用《外商投资产业指导目录》。  具体以主管局要求为准。  ,http://www.sn-n-tax.gov.cn/portal/jsp/portal/interaction/zxzx/zxzx_result.jsp?siteCategoryCode=003001007&styleName=blue&contentId=C22PRGEM4DXT7BYQPNPE1PWXEKRQPV18
领用何种发票,问：我单位是煤炭运销企业，并是一个国有控股企业，本地区实行港口统一销售的政策（市政府规定），所以凡是通过港口销售煤的必须通过我们单位的户头，所以每家运户销售客户的煤先由我单位开出销售发票，运户再经我们开销售发票，是平进平出，另外我单位又向运户（供应商）收取2元/吨的调运服务费，现在税务局认定我们收取的这部分费用是平销反利，要做进项税转出，之前我们是开的地方税务局的服务性发票，国税局的工作人说以后要用国税局的普通发票，请问我应该领用税局的何种发票？项目的内容填什么？申报表如何填列？,答：您好！ 根据《国家税务总局关于商业企业向货物供应方收取的部分费用征收流转税问题的通知》（国税发〔2004〕136号）规定：“一、商业企业向供货方收取的部分收入，按照以下原则征收增值税或营业税： （二）对商业企业向供货方收取的与商品销售量、销售额挂钩（如以一定比例、金额、数量计算）的各种返还收入，均应按照平销返利行为的有关规定冲减当期增值税进项税金，不征收营业税。 二、商业企业向供货方收取的各种收入，一律不得开具增值税专用发票。” 根据有关规定，该收入不需要单独开具发票，只需要在收取当期向主管税务机关申请开具《红字通知单》，并做进项税额转出。转出当期在申报表附表二第13栏“本期进项税转出额”栏和第21栏“红字专用发票通知单注明的进项税额”栏填写。 以上供参考，具体以主管税务机关意见为准。 ,http://www.sn-n-tax.gov.cn/portal/jsp/portal/interaction/zxzx/zxzx_result.jsp?siteCategoryCode=003001007&styleName=blue&contentId=1MD2OJZBLZK6KFL1E89RF4U886OEJKK
2012款别克凯越AT版不含税金额多少,问：2012款别克凯越AT版不含税金额多少,答：一、购买自用车辆纳税人申报车购税的计税依据一般按应税车辆全部价款确定，具体指：购买自用车辆为纳税人支付给销售者的全部价款和价外费用，不包括增值税税款； 二、根据《中华人民共和国车辆购置税暂行条例》（中华人民共和国国务院令第294号）第七条规定：“国家税务总局参照应税车辆市场平均交易价格，规定不同类型应税车辆的最低计税价格。 纳税人购买自用或者进口自用应税车辆，申报的计税价格低于同类型应税车辆的最低计税价格，又无正当理由的，按照最低计税价格征收车辆购置税。” 三、具体每种车型的最低计税价格，12366热线没有相关资料，请您向主管税务机关咨询。 ,http://www.sn-n-tax.gov.cn/portal/jsp/portal/interaction/zxzx/zxzx_result.jsp?siteCategoryCode=003001007&styleName=blue&contentId=9M22CLU3TP3FQM36HBIMOLU3CO8NK1Y6
向消费者个人零售小额商品或者提供小额服务的，如何开具开具发票,问：中华人民共和国发票管理办法实施细则第二十五条规定：“　向消费者个人零售小额商品或者提供零星服务的，是否可免予逐笔开具发票，由省税务机关确定。”，在实际经营中应如何把握，特别是对小额消费者，他们也不涉及报账，只作为证明的，是否可开具临时收据，,答：    按照《陕西省国家税务局普通发票管理暂行规定》（陕国税发【2002】81号）第十八条 第三款规定：“向消费者个人零售小额商品或提供零星服务（100元以内）的，可汇总开具普通发票，并附汇总清单”,http://www.sn-n-tax.gov.cn/portal/jsp/portal/interaction/zxzx/zxzx_result.jsp?siteCategoryCode=003001007&styleName=blue&contentId=NUBXHM6UKTIDK15ZHZ7TFQSO26WQ8JDN
我们的面粉企业该如何收购小麦？,问：我们是一家面粉厂（属一般纳税人），需长年大量收购小麦。但当地国税局要求，售粮人必须提供身份证（复印件）和村委会出具的售粮人自产证明，否则，开具的收购发票不允许抵扣进项税。这无异于断我们的原料，或者无异于让我们去打点“活动”。我们认为，制定政策必须从切合实际，制定符合国家、符合企业、符合售粮人的三方共同都能接受的办法。现在的收购形势已经发生了很大变化，我们严格执行政策吧售粮人嫌繁琐，不在企业交售，企业的粮源没了。不执行他们的要求我们又没有办法经营，我们该怎么办？我们想请问的是陕西省国税局的领导，直至国家税务总局的领导。我们该怎么办？急盼答复。急急急！,答：您好，针对您咨询的问题，我们及时与省局货物和劳务税处、征管和科技发展处主管人员进行联系，关于购进农产品增值税抵扣的问题，严格按照《中华人民共和国增值税暂行条例》第八条第三款执行。 关于向售粮人开具的收购发票，国家税务总局和省国税局没有出台政策要求售粮人必须提供身份证和自产证明，但是由于这种行为同时涉及农业生产者销售的自产农产品免征增值税的问题（暂行条例十五条），收购发票的开具管理历来就是税收征管的薄弱环节之一，各地市国税局以及您的主管国税机关在不违背法律法规规定的前提下，可能会有相应的管理措施出台，所以关于具体的政策依据或文件，还是建议您咨询主管国税机关。 ,http://www.sn-n-tax.gov.cn/portal/jsp/portal/interaction/zxzx/zxzx_result.jsp?siteCategoryCode=003001007&styleName=blue&contentId=I56B9H7E2K8AVK5P6FC861O0Z1NOQ6Z5
发票查询,问：请问陕西的增值税发票在哪个名目下可以查询,答：请详细说明发票种类与要查询的内容 取得的增值税专用发票必须要经过税务机关认证才可以抵扣；网络版普通发票可以在陕西省国税局网站“办税服务 > 涉税查询 > 发票信息查询”模块查询发票的流向和开票信息；也可以通过拨打12366纳税服务热线查询发票流向或者请就近的税务机关协助鉴定发票真伪 ,http://www.sn-n-tax.gov.cn/portal/jsp/portal/interaction/zxzx/zxzx_result.jsp?siteCategoryCode=003001007&styleName=blue&contentId=HREVDCU9NCEH0A82TPRHF0K5EME09WFL
企业所得税扣除项目,问：陕西省国税局：请问在企业所得税扣除项目中，烟草企业在2011年的广告和业务招待费，是否可以按规定比例税前列支？,答：鉴于《财政部 国家税务总局关于部分行业广告费和业务宣传费税前扣除政策的通知》（财税[2009]72号）文件已经到期，新的政策尚未出台，经请示国家税务总局，烟草企业的烟草广告费和业务宣传费支出，原则上仍不能扣除。关于该问题的详细解释，敬请等待新政策出台，或咨询您的主管国税机关。 关于业务招待费，可按企业所得税相关政策规定予以扣除。 ,http://www.sn-n-tax.gov.cn/portal/jsp/portal/interaction/zxzx/zxzx_result.jsp?siteCategoryCode=003001007&styleName=blue&contentId=N2KC9XUIL0L16R8DBOYHT2E2WGOFZVAV
省内分支机构如何办理企业所得税汇总缴纳手续,问：我公司西安草滩牧业有限公司于2011年4月注册成立，注册地西安草滩生态产业园尚稷路8号2号楼2层，是总机构，属于西安经开分局。 我公司于2011年6月与陕西省渭南市华阴市注册两个非法人分支机构。华阴当地的国税所要求我们在西安总机构办理汇总缴纳企业所得税的认证手续。西安经开分局根据国税【2008】28号文国家税务总局关于印发《跨地区经营汇总纳税企业所得税征收管理暂行办法》的通知的精神认为没跨省不需要办理什么手续。 但华阴当地的国税所要求一定要办。请问需要办理手续吗？在哪里办理？怎么办理？ 谢谢,答：按照相关规定，2008年1月1日以后新办企业的所得税由总机构汇总缴纳，总分机构在同一省的，不需要办理汇总缴纳手续。,http://www.sn-n-tax.gov.cn/portal/jsp/portal/interaction/zxzx/zxzx_result.jsp?siteCategoryCode=003001007&styleName=blue&contentId=L59J8L50W942SZV7I578T99H526IWYGX
烟酒专营店上什么税,问：你好，烟酒专营店核定征收上什么税种？领用何种发票请指教，谢谢。,答：一、烟酒专营店在国税缴纳增值税，如果是企业性质还应缴纳企业所得税。 二、另外根据《财政部 国家税务总局关于调整烟产品消费税政策的通知》（财税〔2009〕84号）规定，在卷烟批发环节加征一道从价税，适用税率为5%。如果您涉及卷烟批发，还应缴纳相应的消费税。 三、领用增值税普通发票，发票的种类、数量、金额版等应根据您的实际经营情况确定，具体请咨询主管税务机关。 ,http://www.sn-n-tax.gov.cn/portal/jsp/portal/interaction/zxzx/zxzx_result.jsp?siteCategoryCode=003001007&styleName=blue&contentId=FHK4JW9LY1H4Z7ZWT9MZHFH9RZCAJE2B
